"번호","개방서비스명","개방서비스아이디","개방자치단체코드","관리번호","인허가일자","인허가취소일자","영업상태구분코드","영업상태명","상세영업상태코드","상세영업상태명","폐업일자","휴업시작일자","휴업종료일자","재개업일자","소재지전화","소재지면적","소재지우편번호","소재지전체주소","도로명전체주소","도로명우편번호","사업장명","최종수정시점","데이터갱신구분","데이터갱신일자","업태구분명","좌표정보x(epsg5174)","좌표정보y(epsg5174)","목재생산업구분코드명","목재생산업종류명","취급목재제품","인력보유현황","년간생산량","자본금","상태구분명",
"1","제재업","09_27_03_P","5530000","553000090201300003","2013-10-01","","01","영업/정상","1","정상","","","","","","","","경기도 화성시 만세구 남양읍 무송리 ***-*","","445-020","(주)서경산업(1종)","2013-10-01 18:01:40","I","2026-02-04 01:35:23","","186640.103327806","408490.659943822","제재업","1종","","2014.5.26일까지 확보계획","0","40","영업",
"2","제재업","09_27_03_P","5690000","569000090201600003","2016-12-21","","01","영업/정상","1","정상","","","","","044-862-7571","","","세종특별자치시 어진동 *** 세종비지니스센터, 세종세무서","세종특별자치시 가름로 ***, 세종비지니스센터, 세종세무서 B동 ***호 (어진동)","30121","주식회사 대왕(1종)","2026-02-02 14:49:43","U","2026-02-04 02:40:00","","223663.463627093","332767.324869772","제재업","1종","제재목","2명","0","0","영업",
"3","제재업","09_27_03_P","5440000","544000090201600003","2016-08-26","","03","폐업","3","폐업","","","","","882-8018","","","","경상남도 하동군 옥종면 옥단로 ***","","옥종제재소(1종)","2026-02-02 10:35:03","U","2026-02-04 02:40:00","","280286.893307067","186327.769739369","제재업","1종","제재목","","0","0","폐업",
"4","제재업","09_27_03_P","3560000","356000090201300189","2014-02-18","","03","폐업","3","폐업","","","","","","","","","인천광역시 서구 중봉대로 *** (경서동)","404-170","(주)두원종합물류(1종)","2026-02-02 21:04:56","U","2026-02-04 02:40:00","","168947.538795033","449838.276475854","제재업","1종","수출용목상자","","450","50","폐업",
"5","제재업","09_27_03_P","4900000","490000090201700001","2017-03-08","","03","폐업","3","폐업","","","","","","","","","전라남도 화순군 능주면 능주농공길 **-*","","(주)대호지엔티(1종)","2026-02-02 11:45:09","U","2026-02-04 02:40:00","","196581.180897999","164721.925867524","제재업","1종","판재, 각재","임산가공기사1외 3","3000","50","폐업",
"6","제재업","09_27_03_P","4900000","490000090201300010","2013-12-04","","03","폐업","3","폐업","","","","","","","","","전라남도 화순군 능주면 능주농공길 **","","***(2종)","2026-02-02 11:43:39","U","2026-02-04 02:40:00","","196429.746164684","164691.386606948","제재업","2종","","","0","0","폐업",
"7","제재업","09_27_03_P","4900000","490000090201500001","2015-03-31","","01","영업/정상","1","정상","","","","","","","","전라남도 화순군 이양면 품평리 ****-*","전라남도 화순군 이양면 이양농공길 **","58165","대한임업(주)(1종)","2026-02-02 09:12:46","U","2026-02-04 02:40:00","","199067.008056219","155910.665240519","제재업","1종","","","0","0","영업",
"8","제재업","09_27_03_P","4900000","490000090202100002","2021-07-12","","03","폐업","3","폐업","","","","","","","","","전라남도 화순군 동복면 오지호로 **, 동원제재소","58102","***(1종)","2026-02-02 11:46:47","U","2026-02-04 02:40:00","","210365.372126857","173715.782728173","제재업","1종","단판, 루바, 제재목","교육이수","600","30","폐업",
"9","제재업","09_27_03_P","4890000","489000090202300001","2023-01-30","","03","폐업","3","폐업","","","","","061-853-3285","","","전라남도 보성군 미력면 도개리 ***-*","전라남도 보성군 미력면 농공길 **","59443","(주)우리이엔씨(1종)","2026-02-02 13:43:29","U","2026-02-04 02:40:00","","208115.300132176","144083.120656657","제재업","1종","방부목, 말라스, 멀바우 등","대표 이성교 등 12명","1000","1024","폐업",
"10","제재업","09_27_03_P","4301000","430100090201600002","2016-03-14","","01","영업/정상","1","정상","","","","","033-458-2313","","","","강원특별자치도 철원군 김화읍 외골길 **-*, 오리코스포텍(주)","24055","***(1종)","2026-01-30 15:45:31","U","2026-02-04 11:04:37","","235597.111890041","527162.301209902","제재업","1종","","","0","0","영업",
"11","제재업","09_27_03_P","4701000","470000090202100002","2021-06-04","","01","영업/정상","1","정상","","","","","","","","전북특별자치도 남원시 보절면 진기리 ****-** 동남석재","전북특별자치도 남원시 보절면 진목*길 **, 동남석재","55706","(주)푸른산업(1종)","2026-01-30 16:41:38","U","2026-02-04 11:04:37","","237466.734548011","222904.590374387","제재업","1종","목재 및 합성목재","","0","0","영업",
"12","제재업","09_27_03_P","4701000","470100090202600002","2026-02-03","","01","영업/정상","1","정상","","","","","070-4252-1515","","","","전북특별자치도 남원시 광치산업*길 **-**, 유한회사 가덕 (광치동)","55727","***(1종)","2026-02-03 16:17:01","I","2026-02-06 00:20:02","","234810.415349526","215794.417038805","제재업","1종","목재데크","","0","30","영업",
"13","제재업","09_27_03_P","4920000","492000090201600001","2016-02-26","","03","폐업","3","폐업","","","","","061-434-7151","","","","전라남도 강진군 강진읍 도림로 *","","주)가양산업(2종)","2026-02-04 15:51:07","I","2026-02-06 00:20:02","","174739.174712154","128777.964762017","제재업","2종","벌채, 목재칩.톱밥","","0","41","폐업",
"14","제재업","09_27_03_P","4920000","492000090201600003","2016-08-08","","03","폐업","3","폐업","","","","","0614341532","","","전라남도 목포시 남교동 ***","","","초당산업 주식회사(1종)","2026-02-04 15:55:45","I","2026-02-06 00:20:02","","","","제재업","1종","편백, 루바 등","2","0","32","폐업",
"15","제재업","09_27_03_P","5210000","521000090201300014","2013-11-22","","01","영업/정상","1","정상","","","","","054-933-9727","","","경상북도 성주군 월항면 보암리 ***","경상북도 성주군 월항면 보암공단길 **-**","40037","보성종합목재(1종)","2026-02-03 15:23:47","U","2026-02-06 02:40:00","","316626.245468615","274957.658229577","제재업","1종","파레트용 자재","","5040","30","영업",
"16","제재업","09_27_03_P","4050000","405000090202400009","2024-09-20","","01","영업/정상","1","정상","","","","","031-339-2033","","","경기도 용인시 처인구 포곡읍 마성리 ***-*","경기도 용인시 처인구 포곡읍 백령로 ***","17016","이승석목갤러리 주식회사(1종)","2026-02-04 14:29:20","U","2026-02-06 02:40:00","","216004.04360958","418492.24556139","제재업","1종","일반제재목, 기타(원목)","","0","0","영업",
"17","제재업","09_27_03_P","5380000","538000090202400004","2024-11-05","","01","영업/정상","1","정상","","","","","0557854665","","","경상남도 양산시 덕계동 **","경상남도 양산시 매곡외산로 *** (덕계동)","50539","미솔우드(1종)","2026-02-04 11:29:46","U","2026-02-06 02:40:00","","396659.811449665","209762.358928734","제재업","1종","플로어링 보드","","0","0","영업",
"18","제재업","09_27_03_P","5210000","521000090202400002","2024-10-08","","01","영업/정상","1","정상","","","","","054-933-4005","","","경상북도 성주군 성주읍 성산리 ****-* 성주군산림조합","경상북도 성주군 성주읍 성주읍*길 *, 성주군산림조합","40029","성주군산림조합(4종)","2026-02-03 20:48:24","U","2026-02-06 02:40:00","","316295.061513684","269436.321775754","제재업","4종","목재칩, 목재펠릿","","0","0","영업",
"19","제재업","09_27_03_P","4810000","481000090202400003","2024-10-29","","01","영업/정상","1","정상","","","","","061-654-7400","","","전라남도 여수시 소라면 죽림리 ****-*","전라남도 여수시 소라면 죽림로 **, *층","59655","주식회사 이도(1종)","2026-02-03 17:08:25","U","2026-02-06 02:40:00","","258391.821752255","140866.332653927","제재업","1종","천연목재 목재데크, 목재 난간","5","200","250","영업",
"20","제재업","09_27_03_P","4850000","485000090201700003","2017-06-07","","03","폐업","3","폐업","","","","","061-381-8304","","","","전라남도 담양군 담양읍 에코길 **-**","","(주)강산이앤씨(3종)","2026-02-04 17:57:04","U","2026-02-06 02:40:00","","200312.178222019","204716.74526417","제재업","3종","합성목재","박병길","3000","910","폐업",
"21","제재업","09_27_03_P","3540000","354000090201300004","2013-11-29","","03","폐업","3","폐업","","","","","0325754022","","","인천광역시 부평구 산곡동 ***-*** ***호","인천광역시 부평구 화랑로 **, ***호 (산곡동)","","(주)중동(1종)","2026-02-04 09:19:57","U","2026-02-06 02:40:00","","173709.507485728","443215.22636327","제재업","1종","제재목","","1895","200","폐업",
"22","제재업","09_27_03_P","4820000","482000090201500001","2015-03-16","","02","휴업","2","휴업","","","","","","","","전라남도 순천시 황전면 선변리 ***-** 황전제재소","전라남도 순천시 황전면 섬진강로 ***, 황전제재소","57900","섬진종합목재(1종)","2026-02-04 16:37:09","U","2026-02-06 02:40:00","","241356.785971989","184927.456120541","제재업","1종","제재목","","500","30","휴업",
"23","제재업","09_27_03_P","4820000","482000090201500008","2015-11-16","","01","영업/정상","1","정상","","","","","","","","전라남도 순천시 별량면 구룡리 ***-* 동성제재소","전라남도 순천시 별량면 송산길 **, 동성제재소","58032","동성제재소(1종)","2026-02-04 16:35:24","U","2026-02-06 02:40:00","","237978.45957362","149381.588022442","제재업","1종","제재목","1명","3000","30","영업",
"24","제재업","09_27_03_P","4820000","482000090201700002","2017-06-22","","01","영업/정상","1","정상","","","","","","","","전라남도 순천시 해룡면 호두리 ***-* 시브레스","전라남도 순천시 해룡면 여순로 ****, 시브레스","58024","주식회사휴플러스(1종)","2026-02-04 16:40:44","U","2026-02-06 02:40:00","","251605.261622511","154632.005875713","제재업","1종","","","0","0","영업",
"25","제재업","09_27_03_P","4810000","481000090201500001","2015-12-29","","03","폐업","3","폐업","","","","","051-625-3380","","","","전라남도 여수시 화양면 화양로 ****-*","","(주)삼우(1종)","2026-02-03 17:34:29","U","2026-02-06 02:40:00","","","","제재업","1종","판재가공","1","0","100","폐업",
"26","제재업","09_27_03_P","3540000","354000090201700001","2017-06-21","","03","폐업","3","폐업","","","","","0325754022","","","인천광역시 부평구 산곡동 ***-*** ***호","인천광역시 부평구 화랑로 **, ***호 (산곡동)","","(주)중동(3종)","2026-02-04 09:20:22","U","2026-02-06 02:40:00","","173709.507485728","443215.22636327","제재업","3종","방부목","임산가공기능사 1명","200","200","폐업",
"27","제재업","09_27_03_P","4460000","446000090202300003","2023-09-21","","02","휴업","2","휴업","","","","","","","","충청북도 괴산군 괴산읍 서부리 ***-**","충청북도 괴산군 괴산읍 읍내로*길 **-**","28035","***(1종)","2026-02-04 10:57:45","U","2026-02-06 02:40:00","","270504.687153013","367807.17668653","제재업","1종","팰릿","","0","0","휴업",
"28","제재업","09_27_03_P","4671000","467000090201800006","2018-06-27","","01","영업/정상","1","정상","","","","","063-453-8000","","","전북특별자치도 군산시 성산면 창오리 ***-*","전북특별자치도 군산시 성산면 왕골로 **","","애림산업(4종)","2026-02-04 11:26:01","U","2026-02-06 02:40:00","","183559.975356436","276593.033973643","제재업","4종","톱밥","","0","0","영업",
"29","제재업","09_27_03_P","3470000","347000090202200003","2022-12-23","","03","폐업","3","폐업","","","","","053-582-5639","","","대구광역시 달서구 월암동 ***-*","대구광역시 달서구 조암로 ***(월암동)","42754","(주)동화하이텍(4종)","2026-02-04 10:07:46","U","2026-02-06 02:40:00","","337229.080563936","259082.771526562","제재업","4종","제재목","","0","0","폐업",
"30","제재업","09_27_03_P","4820000","482000090202300003","2023-12-01","","01","영업/정상","1","정상","","","","","","","","전라남도 순천시 왕지동 ***-**","전라남도 순천시 왕지*길 *-*, ***호 (왕지동)","57930","(주)안성원목(4종)","2026-02-04 16:42:33","U","2026-02-06 02:40:00","","247704.245018973","163834.282477098","제재업","4종","목재칩, 연료용 목재칩","","0","30","영업",
"31","제재업","09_27_03_P","5210000","521000090201900004","2019-05-23","","01","영업/정상","1","정상","","","","","054-933-0430","","","경상북도 성주군 용암면 용정리 ***-*","경상북도 성주군 용암면 운용로 ***-**","40053","(주)엠제이우드(4종)","2026-02-03 20:38:52","U","2026-02-06 02:40:00","","320601.429896927","259121.370954499","제재업","4종","톱밥","","0","0","영업",
"32","제재업","09_27_03_P","5420000","542000090201300002","2025-06-19","","01","영업/정상","1","정상","","","","","","","","경상남도 고성군 고성읍 우산리 ***-*","경상남도 고성군 고성읍 우산*길 **, 고룡제재소","52930","***(1종)","2026-02-04 13:11:15","U","2026-02-06 02:40:00","","321506.481958807","167462.097017258","제재업","1종","각재 및 판재","","0","0","영업",
"33","제재업","09_27_03_P","5420000","542000090201300001","2025-06-19","","02","휴업","2","휴업","","","","","","","","경상남도 고성군 하이면 봉현리 ***","경상남도 고성군 하이면 삼상로 ***-**, 진양제재소","52960","***(1종)","2026-02-04 17:10:05","U","2026-02-06 02:40:00","","303520.024619898","164730.587608284","제재업","1종","각재 및 판재","","0","0","휴업",
"34","제재업","09_27_03_P","5060000","506000090202300001","2023-01-25","","01","영업/정상","1","정상","","","","","","","","","경상북도 김천시 남면 하릉길 *","39667","***(4종)","2026-02-05 14:51:34","I","2026-02-07 00:20:02","","311846.38404785","284593.120421545","제재업","4종","목재펠릿, 임산펠릿, 목재칩, 톱밥","","0","250","영업",
"35","제재업","09_27_03_P","5360000","536000090202600002","2026-02-05","","01","영업/정상","1","정상","","","","","","","","경상남도 밀양시 부북면 춘화리 ***-*","경상남도 밀양시 부북면 춘화로 ***","50402","(주)케이포레스트리(4종)","2026-02-05 14:41:39","I","2026-02-07 00:20:02","","356632.940084252","226565.460967895","제재업","4종","","","0","0","영업",
"36","제재업","09_27_03_P","4820000","482000090202600010","2026-02-05","","01","영업/정상","1","정상","","","","","061-725-3812","","","전라남도 순천시 연향동 ****-* 순천시 산림조합","전라남도 순천시 대석길 **, 순천시 산림조합 (연향동)","57986","산림조합(4종)","2026-02-05 10:56:08","I","2026-02-07 00:20:02","","247974.324937798","160927.332140907","제재업","4종","","","0","0","영업",
"37","제재업","09_27_03_P","4820000","482000090202600012","2026-02-05","","01","영업/정상","1","정상","","","","","","","","전라남도 순천시 외서면 신덕리 *-*","전라남도 순천시 외서면 읍성로 ***-**","57915","백이산편백(1종)","2026-02-05 11:10:04","I","2026-02-07 00:20:02","","227981.067091715","157170.030237605","제재업","1종","편백","1","100","30","영업",
"38","제재업","09_27_03_P","4820000","482000090202600011","2026-02-05","","02","휴업","2","휴업","","","","","","","","전라남도 순천시 황전면 선변리 ***-** 황전제재소","전라남도 순천시 황전면 섬진강로 ***, 황전제재소","57900","섬진종합목재(4종)","2026-02-05 11:05:16","I","2026-02-07 00:20:02","","241356.785971989","184927.456120541","제재업","4종","","","0","0","휴업",
"39","제재업","09_27_03_P","4781000","478100090202400001","2024-07-05","","01","영업/정상","1","정상","","","","","","","","전북특별자치도 고창군 아산면 하갑리 ***-*","전북특별자치도 고창군 아산면 아산농공단지길 **-**","56453","가온테크(1종)","2026-02-05 20:17:47","U","2026-02-07 02:40:00","","166311.075539564","215197.780327377","제재업","1종","","","0","0","영업",
"40","제재업","09_27_03_P","3560000","356000090202600001","2026-01-22","","01","영업/정상","1","정상","","","","","","","","인천광역시 서구 원창동 ***-** 건원프라자","인천광역시 서구 북항로**번안길 **, 건원프라자 ***호 (원창동)","22769","(주)중동(1종)","2026-02-05 22:38:26","U","2026-02-07 02:40:00","","168694.059319607","445315.564254762","제재업","1종","제재목","김능상, 김식영","0","0","영업",
"41","제재업","09_27_03_P","3560000","356000090202600002","2026-01-22","","01","영업/정상","1","정상","","","","","","","","인천광역시 서구 원창동 ***-** 건원프라자","인천광역시 서구 북항로**번안길 **, 건원프라자 ***호 (원창동)","22769","(주)중동(3종)","2026-02-05 22:38:43","U","2026-02-07 02:40:00","","168694.059319607","445315.564254762","제재업","3종","방무목","","0","0","영업",
"42","제재업","09_27_03_P","4211000","421100090201300004","2014-04-08","","03","폐업","3","폐업","","","","","","","","","강원특별자치도 동해시 공단*로 **-** (구호동)","240-230","대석목재(1종)","2026-02-05 19:29:08","U","2026-02-07 02:40:00","","389512.901800217","443745.5995841","제재업","1종","제재목 및 단판등","","0","0","폐업",
"43","제재업","09_27_03_P","4211000","421100090201300006","2014-04-17","","03","폐업","3","폐업","","","","","","","","","강원특별자치도 동해시 대동로 ***-* (송정동)","240-806","동해제재소(1종)","2026-02-05 19:44:49","U","2026-02-07 02:40:00","","387756.755169536","444802.896252794","제재업","1종","제재목 및 단판등","","0","0","폐업",
"44","제재업","09_27_03_P","4781000","478000090202300003","2023-11-22","","01","영업/정상","1","정상","","","","","070-8688-5954","","","","전북특별자치도 고창군 아산면 아산농공단지길 **","56453","***(1종)","2026-02-05 20:15:11","U","2026-02-07 02:40:00","","166108.463071661","215122.687557344","제재업","1종","","","0","0","영업",
"45","제재업","09_27_03_P","5370000","537000090201700001","2017-06-19","","01","영업/정상","1","정상","","","","","055-638-4503","","","","경상남도 거제시 연초면 다공*길 **","53210","나린산업주식회사(2종)","2026-02-05 15:49:19","U","2026-02-07 02:40:00","","351603.177804973","160559.205090418","제재업","2종","멀바우, 말라스 등","1명","1000","0","영업",
"46","제재업","09_27_03_P","3630000","363000090202300004","2023-08-21","","01","영업/정상","1","정상","","","","","062-446-5042","","","광주광역시 광산구 수완동 ***-**","광주광역시 광산구 북문대로 *** (수완동)","62245","산림조합중앙회 광주전남지역본부(4종)","2026-02-05 15:46:52","U","2026-02-07 02:40:00","","184472.515655526","190070.634102293","제재업","4종","참나무, 편백나무 등","","0","0","영업",
"47","제재업","09_27_03_P","4281000","428100090201300023","2013-12-04","","03","폐업","3","폐업","","","","","","","","강원특별자치도 평창군 진부면 하진부리 ***-*","강원특별자치도 평창군 진부면 오대천로 ****-*","","대복임업사(4종)","2026-02-05 15:14:33","U","2026-02-07 02:40:00","","337017.007322081","459870.618209335","제재업","4종","","","0","30","폐업",
"48","제재업","09_27_03_P","4281000","428100090201300028","2013-12-09","","03","폐업","3","폐업","","","","","","","","","강원특별자치도 평창군 평창읍 농공단지길 **","25369","호성건설산업(주)(1종)","2026-02-05 14:55:44","U","2026-02-07 02:40:00","","324846.202681897","433465.411913442","제재업","1종","제재목","","0","52","폐업",
"49","제재업","09_27_03_P","3460000","346000090201400002","2014-11-05","","01","영업/정상","1","정상","","","","","053-814-1001","","","","대구광역시 수성구 달구벌대로***길 ** (신매동)","42280","***(1종)","2026-02-06 17:52:41","U","2026-02-08 02:40:00","","354708.318478647","260825.550367239","제재업","1종","각재,판재,소할재","교육수료자 1명","0","995","영업",
"50","제재업","09_27_03_P","4160000","416000090201300026","2013-11-15","","02","휴업","2","휴업","","","","","","","","경기도 고양시 덕양구 화정동 *** *통*반 별빛마을 ***동 ***호","경기도 고양시 덕양구 화신로 ***,***동 ***호 (화정동,별빛마을)","412-739","***(4종)","2026-02-06 18:05:34","U","2026-02-08 02:40:00","","184809.783064592","459084.904443985","제재업","4종","목탄, 성형목탄","교육예정","2000","30","휴업",
"51","제재업","09_27_03_P","4160000","416000090201300013","2013-10-29","","01","영업/정상","1","정상","","","","","031-582-2207","","","경기도 가평군 가평읍 대곡리 ***-*","경기도 가평군 가평읍 가화로 **","477-804","가평군산림조합(1종)","2026-02-06 17:19:46","U","2026-02-08 02:40:00","","245347.401403064","480350.923436538","제재업","1종","제재목, 장작","2014.05.23까지구비보완","1300","978","영업",
"52","제재업","09_27_03_P","4641000","464100090202600001","2026-02-04","","01","영업/정상","1","정상","","","","","","","","전북특별자치도 전주시 완산구 효자동*가 **** 전주효천 대방노블랜드 에코파크","전북특별자치도 전주시 완산구 효천중앙로 **, ***동 *층 ***호 (효자동*가, 전주효천 대방노블랜드 에코파크)","55152","(유)금일임업(4종)","2026-02-06 13:34:11","U","2026-02-08 02:40:00","","209365.128227484","255274.910171811","제재업","4종","","","0","0","영업",
"53","제재업","09_27_03_P","5700000","570000090201300001","2013-10-31","","01","영업/정상","1","정상","","","","","0318876310","","","","경기도 여주시 농산로 ** (상거동, 산림조합중앙회목재유통센터)","12653","산림조합중앙회 중부목재사업본부(1종)","2026-02-08 13:14:32","U","2026-02-10 02:40:00","","256182.188734751","416813.656176996","제재업","1종","목재가공품, 건축재, 구조재, 목재펠릿 등","1","6000","100028","영업",
"54","제재업","09_27_03_P","5310000","531000090202600001","2026-02-03","","01","영업/정상","1","정상","","","","","","","","","경상남도 진주시 모덕로 ***-* (상대동)","52773","***(4종)","2026-02-08 17:47:06","U","2026-02-10 02:40:00","","301291.881684746","187866.404979225","제재업","4종","목재칩, 톱밥, 목분(나무가루)","기관 교육 이수(이민재)","1000","30","영업",
"55","제재업","09_27_03_P","5250000","525000090202600003","2026-02-09","","03","폐업","3","폐업","","","","","","","","경상북도 울진군 기성면 봉산리 ***-* 봉산산업","경상북도 울진군 기성면 구산봉산로 ***-**, 봉산산업","36353","***(4종)","2026-02-09 17:53:08","I","2026-02-11 00:20:41","","419805.260959316","367592.421012019","제재업","4종","","","0","0","폐업",
"56","제재업","09_27_03_P","5250000","525000090202600004","2026-02-09","","01","영업/정상","1","정상","","","","","","","","경상북도 울진군 기성면 봉산리 ***-* 봉산산업","경상북도 울진군 기성면 구산봉산로 ***-**, 봉산산업","36353","㈜에스엠디(4종)","2026-02-09 17:54:46","I","2026-02-11 00:20:41","","419805.260959316","367592.421012019","제재업","4종","","","0","0","영업",
"57","제재업","09_27_03_P","4470000","447000090202400004","2024-06-20","","01","영업/정상","1","정상","","","","","043-872-2980","","","충청북도 음성군 원남면 보천리 ***-*","충청북도 음성군 원남면 원중로 *","27726","주식회사 한농조경(1종)","2026-02-09 10:53:12","U","2026-02-11 02:40:00","","257980.305902295","375109.539239627","제재업","1종","제재목","박은규","1000","405","영업",
"58","제재업","09_27_03_P","3450000","345000090201800005","2018-07-25","","01","영업/정상","1","정상","","","","","","","","","대구광역시 북구 동호길 **-* (동호동)","41407","(주)동방에이젯(1종)","2026-02-09 09:29:00","U","2026-02-11 02:40:00","","340360.146249642","274749.657015853","제재업","1종","","","100","0","영업",
"59","제재업","09_27_03_P","4810000","481000090201400003","2014-03-04","","03","폐업","3","폐업","","","","","683-9741","","","","전라남도 여수시 산단중앙로 *** (화치동)","555-280","***(2종)","2026-02-09 15:43:41","U","2026-02-11 02:40:00","","259389.302751481","148105.309905708","제재업","2종","목재파레트","0","50000","50","폐업",
"60","제재업","09_27_03_P","4940000","494000090201300010","2013-12-03","","03","폐업","3","폐업","","","","","061-473-2633","","","","전라남도 영암군 영암읍 낭주로 ***, 영암제재소","58412","***(1종)","2026-02-09 15:43:02","U","2026-02-11 02:40:00","","172335.676346421","145901.105687502","제재업","1종","각재, 판재","","6000","188","폐업",
"61","제재업","09_27_03_P","4810000","481000090201600002","2016-03-16","","03","폐업","3","폐업","","","","","061-683-6363","","","","전라남도 여수시 소라면 화양로 ****-*","","대진산업(주)(1종)","2026-02-09 15:48:32","U","2026-02-11 02:40:00","","257506.238956542","139404.806291556","제재업","1종","파레트생산","","0","0","폐업",
"62","제재업","09_27_03_P","4810000","481000090201700002","2017-10-16","","03","폐업","3","폐업","","","","","061-684-3113","","","","전라남도 여수시 시청로 **, ***호 (학동)","","(유)범양산업(1종)","2026-02-09 14:58:08","U","2026-02-11 02:40:00","","260652.444161257","140887.712944865","제재업","1종","개질강화목 등","5","60","20","폐업",
"63","제재업","09_27_03_P","4810000","481000090201700003","2017-12-22","","01","영업/정상","1","정상","","","","","061-662-2058","","","전라남도 여수시 소라면 관기리 **","전라남도 여수시 소라면 소호관기로 ***","59657","남성목재산업(1종)","2026-02-09 14:36:17","U","2026-02-11 02:40:00","","257553.572321973","137953.803033902","제재업","1종","판재,각재","","0","0","영업",
"64","제재업","09_27_03_P","3940000","394000090201300003","2013-12-12","","01","영업/정상","1","정상","","","","","0319641909","","","경기도 고양시 덕양구 벽제동 ***-*","","","만성특수목재(1종)","2026-02-09 17:09:58","U","2026-02-11 02:40:00","","192273.839810229","470967.766131315","제재업","1종","제재목","","0","459","영업",
"65","제재업","09_27_03_P","4201000","420100090201300049","2013-11-21","","01","영업/정상","1","정상","","","","","","","","강원특별자치도 강릉시 입암동 **통*반","강원특별자치도 강릉시 강변로***번길 ** (입암동)","210-935","***(1종)","2026-02-09 22:25:43","U","2026-02-11 02:40:00","","369494.543055344","475567.236834658","제재업","1종","제재목","","0","30","영업",
"66","제재업","09_27_03_P","4201000","420100090201300050","2013-11-21","","01","영업/정상","1","정상","","","","","","","","","강원특별자치도 강릉시 성산면 괴일길 ***-*","210-842","***(4종)","2026-02-09 22:26:33","U","2026-02-11 02:40:00","","362090.346785584","472220.681398098","제재업","4종","제재목","","0","30","영업",
"67","제재업","09_27_03_P","4201000","420100090201300054","2013-11-22","","01","영업/정상","1","정상","","","","","","","","","강원특별자치도 강릉시 강변로***번안길 ** (입암동)","","***(1종)","2026-02-09 22:27:13","U","2026-02-11 02:40:00","","369498.757677833","475634.288427069","제재업","1종","제재목","","0","30","영업",
"68","제재업","09_27_03_P","4201000","420100090201900003","2019-04-18","","01","영업/정상","1","정상","","","","","","","","","강원특별자치도 강릉시 강동면 임곡로 ****","25629","***(4종)","2026-02-09 22:20:22","U","2026-02-11 02:40:00","","372944.14225891","462596.515057216","제재업","4종","목재칩, 톱밥","","0","0","영업",
"69","제재업","09_27_03_P","4810000","481000090202000002","2020-07-10","","01","영업/정상","1","정상","","","","","061-684-3113","","","전라남도 여수시 신기동 **-*","전라남도 여수시 신기남*길 **-*, *층 (신기동)","59687","(유)범양산업(1종)","2026-02-09 15:28:30","U","2026-02-11 02:40:00","","261287.313543323","140438.53636988","제재업","1종","개질강화목, 하드우드(캐리,망고스틴,부켈라 외)","","0","0","영업",
"70","제재업","09_27_03_P","4281000","428100090201300014","2013-11-20","","01","영업/정상","1","정상","","","","","","","","","강원특별자치도 평창군 진부면 경강로 **** (평창공예전시체험관)","25327","큰나무 목재(1종)","2026-02-09 13:43:28","U","2026-02-11 02:40:00","","338539.647500321","462168.239676836","제재업","1종","제재목","1명","0","53","영업",
"71","제재업","09_27_03_P","4281000","428100090201300015","2013-12-03","","01","영업/정상","1","정상","","","","","033-333-4122","","","","강원특별자치도 평창군 평창읍 노성로 **, 평창군산림조합","25374","평창군산림조합(1종)","2026-02-09 13:40:26","U","2026-02-11 02:40:00","","323182.395458353","430553.16163805","제재업","1종","제재목","","0","0","영업",
"72","제재업","09_27_03_P","4281000","428100090201300016","2013-12-04","","03","폐업","3","폐업","","","","","","","","","강원특별자치도 평창군 대관령면 경강로 ****-**","","백림제재소(1종)","2026-02-09 14:05:07","U","2026-02-11 02:40:00","","","","제재업","1종","제재목","","0","0","폐업",
"73","제재업","09_27_03_P","4281000","428100090201300024","2013-12-04","","03","폐업","3","폐업","","","","","","","","","강원특별자치도 평창군 진부면 진벌*길 **","","삼일제재소 삼일임업(1종)","2026-02-09 14:07:20","U","2026-02-11 02:40:00","","338540.178640163","462500.681623547","제재업","1종","제재목","1명","0","30","폐업",
"74","제재업","09_27_03_P","4281000","428100090201300027","2013-12-09","","03","폐업","3","폐업","","","","","","","","","강원특별자치도 평창군 진부면 진벌길 **","25327","성주목재(1종)","2026-02-09 14:20:19","U","2026-02-11 02:40:00","","","","제재업","1종","제재목","","0","50","폐업",
"75","제재업","09_27_03_P","4281000","428100090201300030","2013-12-09","","03","폐업","3","폐업","","","","","","","","","강원특별자치도 평창군 용평면 경강로 ****","25313","(주)평창목재(1종)","2026-02-09 14:25:12","U","2026-02-11 02:40:00","","325882.981825459","456702.377604515","제재업","1종","제재목","","0","61","폐업",
"76","제재업","09_27_03_P","4281000","428100090201300032","2013-12-09","","01","영업/정상","1","정상","","","","","","","","강원특별자치도 평창군 용평면 속사리 ***","강원특별자치도 평창군 용평면 경강로 ****-**","25312","오대산 참숯(4종)","2026-02-09 14:39:09","U","2026-02-11 02:40:00","","332069.274632173","460302.716322801","제재업","4종","제재목","","0","30","영업",
"77","제재업","09_27_03_P","4281000","428100090201800004","2018-05-10","","03","폐업","3","폐업","","","","","","","","강원특별자치도 평창군 진부면 상진부리 **-**","강원특별자치도 평창군 진부면 경강로 ****-**","25323","산기목재(1종)","2026-02-09 16:21:03","U","2026-02-11 02:40:00","","339425.463044802","463305.218303919","제재업","1종","제재목","1명","0","30","폐업",
"78","제재업","09_27_03_P","4281000","428100090201800002","2018-02-07","","01","영업/정상","1","정상","","","","","033-335-7573","","","","강원특별자치도 평창군 진부면 오대천로 ****-*","","대복임업사(4종)","2026-02-09 16:11:18","U","2026-02-11 02:40:00","","337017.007322081","459870.618209335","제재업","4종","톱밥","","2400","30","영업",
"79","제재업","09_27_03_P","5670000","567000090202500001","2025-11-27","","01","영업/정상","1","정상","","","","","","","","경상남도 창원시 마산회원구 양덕동 ***-* 한진오피스텔 ***호","경상남도 창원시 마산회원구 합포로 ***, 한진오피스텔 지하*층 ***호 (양덕동)","51321","태영조경(1종)","2026-02-09 16:22:16","U","2026-02-11 02:40:00","","344466.247095697","192527.480618315","제재업","1종","제재목","김미현","0","0","영업",
"80","제재업","09_27_03_P","4311000","431100090202500001","2025-06-24","","01","영업/정상","1","정상","","","","","","","","강원특별자치도 화천군 하남면 원천리 ****-* (주)원천","강원특별자치도 화천군 하남면 공단길 **, (주)원천","24145","주식회사 원천(1종)","2026-02-09 17:26:47","U","2026-02-11 02:40:00","","258423.082921219","505892.844930622","제재업","1종","집성재, 제재목","","0","0","영업",
"81","제재업","09_27_03_P","4311000","431100090202500002","2025-06-24","","01","영업/정상","1","정상","","","","","","","","강원특별자치도 화천군 하남면 원천리 ****-* (주)원천","강원특별자치도 화천군 하남면 공단길 **, (주)원천","24145","주식회사 원천(3종)","2026-02-09 17:31:41","U","2026-02-11 02:40:00","","258423.082921219","505892.844930622","제재업","3종","방무목재, 난연목재, 목재플라스틱복합재, 구조용집성재","","0","0","영업",
"82","제재업","09_27_03_P","4800000","480000090202600001","2026-02-10","","01","영업/정상","1","정상","","","","","061-276-7288","","","전라남도 목포시 연산동 ****","전라남도 목포시 대양로 **-** (연산동)","58618","(주)네이처로드(1종)","2026-02-10 16:49:18","I","2026-02-12 00:20:02","","143297.356579586","147086.327193912","제재업","1종","제재목(멀바우, 말라스, 낙엽송, 비티스, 마사란두바)","1","0","0","영업",
"83","제재업","09_27_03_P","5130000","513000090201300004","2014-03-25","","01","영업/정상","1","정상","","","","","851-0141","","","경상북도 경산시 진량읍 다문리 ***-*","경상북도 경산시 진량읍 금박로***길 **-**","712-834","***(4종)","2026-02-10 15:25:55","U","2026-02-12 02:40:00","","367420.516277316","265526.465152221","제재업","4종","목재칩, 톱밥","","15000","200","영업",
"84","제재업","09_27_03_P","5130000","513000090201300002","2013-11-12","","01","영업/정상","1","정상","","","","","","","","경상북도 경산시 남산면 전지리 *** **통","경상북도 경산시 남산면 하남로 **","712-863","***(1종)","2026-02-10 15:24:59","U","2026-02-12 02:40:00","","363721.35548497","256582.628341735","제재업","1종","산업용 건축재, 토목가설재 등","","2000","800","영업",
"85","제재업","09_27_03_P","5100000","510000090201300006","2013-11-27","","03","폐업","3","폐업","","","","","726-1020","","","","경상북도 영천시 북안면 대경로 ****-***","","글로벌목재 주식회사(1종)","2026-02-10 09:07:02","U","2026-02-12 02:40:00","","378515.281945481","272340.011119298","제재업","1종","제재목 등","","54000","200","폐업",
"86","제재업","09_27_03_P","5100000","510000090201300007","2013-12-12","","03","폐업","3","폐업","","","","","338-4035","","","","경상북도 영천시 청통면 사일로 ***","","월드건축자재주식회사(3종)","2026-02-10 09:02:47","U","2026-02-12 02:40:00","","368155.318501726","277481.112232845","제재업","3종","방부목 등","","1500","200","폐업",
"87","제재업","09_27_03_P","5100000","510000090201600001","2016-05-03","","03","폐업","3","폐업","","","","","070-7520-4004","","","","경상북도 영천시 청통면 청통로 ***","","(주)할리우드(1종)","2026-02-10 09:06:26","U","2026-02-12 02:40:00","","364608.584008294","278730.814863365","제재업","1종","목재판재","3","0","150","폐업",
"88","제재업","09_27_03_P","5310000","531000090201300004","2013-11-06","","01","영업/정상","1","정상","","","","","","","","경상남도 진주시 금곡면 인담리 ***-*","경상남도 진주시 금곡면 월아산로 ***","660-833","동남제재소(1종)","2026-02-10 09:58:37","U","2026-02-12 02:40:00","","307281.136278094","181031.345522057","제재업","1종","목재","","0","30","영업",
"89","제재업","09_27_03_P","5120000","512000090201600004","2016-11-01","","01","영업/정상","1","정상","","","","","","","","경상북도 문경시 산양면 평지리 ***","경상북도 문경시 산양면 태평길 ***","36938","***(4종)","2026-02-10 16:08:29","U","2026-02-12 02:40:00","","","","제재업","4종","목재칩, 톱밥","","0","0","영업",
"90","제재업","09_27_03_P","5090000","509000090201300018","2014-05-23","","01","영업/정상","1","정상","","","","","","","","","경상북도 영주시 원당로 *** (상망동)","750-904","주식회사대영목재(1종)","2026-02-10 20:28:45","U","2026-02-12 02:40:00","","347196.743896132","372218.620448474","제재업","1종","제재목 및 단판 등","1명","2000","46","영업",
"91","제재업","09_27_03_P","5200000","520000090202400001","2024-09-30","","03","폐업","3","폐업","","","","","054-956-2269","","","","경상북도 고령군 개진면 개경포로 ***","40146","***(4종)","2026-02-10 18:22:22","U","2026-02-12 02:40:00","","318500.598141957","247777.383198034","제재업","4종","","","0","0","폐업",
"92","제재업","09_27_03_P","5200000","520000090201300006","2013-11-29","","01","영업/정상","1","정상","","","","","","","","","경상북도 고령군 개진면 개경포로 ***","40146","***(1종)","2026-02-10 18:23:09","U","2026-02-12 02:40:00","","318500.598141957","247777.383198034","제재업","1종","적삼목, 판재","","6000","260","영업",
"93","제재업","09_27_03_P","5090000","509000090201800004","2018-08-07","","01","영업/정상","1","정상","","","","","","","","","경상북도 영주시 영주로***번길 **, 빈차이나 (영주동)","36096","***(1종)","2026-02-10 14:34:52","U","2026-02-12 02:40:00","","344517.218210867","370495.101684284","제재업","1종","제재목, 단판","","0","0","영업",
"94","제재업","09_27_03_P","5710000","436000090201300015","2013-12-04","","02","휴업","2","휴업","","","","","","","","충청북도 청주시 상당구 낭성면 호정리 산 ** *통","","363-862","***(3종)","2026-02-10 17:09:05","U","2026-02-12 02:40:00","","253913.517535805","346539.155956246","제재업","3종","","","0","0","휴업",
"95","제재업","09_27_03_P","5710000","436000090201400001","2014-06-27","","02","휴업","2","휴업","","","","","253-6001","","","충청북도 청주시 상당구 서운동 *-*","충청북도 청주시 상당구 대성로 ** (서운동)","","***(1종)","2026-02-10 17:15:48","U","2026-02-12 02:40:00","","244036.037419187","347853.682802942","제재업","1종","","","0","0","휴업",
"96","제재업","09_27_03_P","5710000","436000090201400002","2014-06-27","","02","휴업","2","휴업","","","","","0432536001","","","충청북도 청주시 상당구 서운동 *-*","충청북도 청주시 상당구 대성로 ** (서운동)","","일흥제재소 대표 김혜경(1종)","2026-02-10 17:17:06","U","2026-02-12 02:40:00","","244036.037419187","347853.682802942","제재업","1종","","","0","0","휴업",
"97","제재업","09_27_03_P","5710000","441000090201300024","2014-03-31","","03","폐업","3","폐업","","","","","","","","","충청북도 청주시 흥덕구 옥산면 환희*길 **","363-913","동진목재포장(주)(1종)","2026-02-10 17:41:30","U","2026-02-12 02:40:00","","232085.398987553","352466.638251952","제재업","1종","파렛트, 목상자","","0","100","폐업",
"98","제재업","09_27_03_P","5710000","441000090201300033","2014-04-04","","03","폐업","3","폐업","","","","","2560577","","","충청북도 청주시 상당구 가덕면 행정리 **-*","충청북도 청주시 상당구 가덕면 행정노동길 **-**","363-852","주식회사 대림산업(1종)","2026-02-10 17:42:45","U","2026-02-12 02:40:00","","247702.091916031","337824.794733374","제재업","1종","파티클보드 원장 가공","","0","200","폐업",
"99","제재업","09_27_03_P","5710000","441000090201300031","2014-04-04","","03","폐업","3","폐업","","","","","2874252","","","충청북도 청주시 상당구 가덕면 내암리 **-*","충청북도 청주시 상당구 가덕면 금거내암로 ***","363-853","(주)하영(1종)","2026-02-10 17:39:08","U","2026-02-12 02:40:00","","253527.736540236","341463.036536128","제재업","1종","가구","","0","110","폐업",
"100","제재업","09_27_03_P","5710000","441000090201300035","2014-03-31","","03","폐업","3","폐업","","","","","2982405","","","","충청북도 청주시 상당구 가덕면 노현청용로 ***","363-851","(주)청원우드(1종)","2026-02-10 17:40:20","U","2026-02-12 02:40:00","","248218.423563019","337053.394387791","제재업","1종","파렛트, 목상자","","0","370","폐업",
"101","제재업","09_27_03_P","5710000","441000090201300040","2013-12-26","","03","폐업","3","폐업","","","","","043-298-6522","","","충청북도 청주시 상당구 가덕면 금거리 ***-*","충청북도 청주시 상당구 가덕면 금거*길 **","","유림목재(주)(1종)","2026-02-10 17:44:13","U","2026-02-12 02:40:00","","253412.393321258","342469.284436699","제재업","1종","목상자, 목재파렛트","","0","200","폐업",
"102","제재업","09_27_03_P","5710000","441000090201300003","2013-09-03","","03","폐업","3","폐업","","","","","232-7477","","","충청북도 청주시 흥덕구 강내면 저산리 ***-* *통","충청북도 청주시 흥덕구 강내면 저산태성로 **","363-891","***(1종)","2026-02-10 17:44:53","U","2026-02-12 02:40:00","","232145.789829441","340207.122234754","제재업","1종","파렛트용 각재, 판재","관련기관 교육이수자 1인","220","56","폐업",
"103","제재업","09_27_03_P","5710000","436000090201300010","2013-11-25","","02","휴업","2","휴업","","","","","716-7251","","","충청북도 청주시 흥덕구 옥산면 호죽리 ***","충청북도 청주시 흥덕구 옥산면 옥산산단*로 * ((주)엘지하우시스)","361-912","(주)엘엑스하우스시(3종)","2026-02-10 17:10:48","U","2026-02-12 02:40:00","","233644.66212536","355661.835137465","제재업","3종","합성목재","","0","0","휴업",
"104","제재업","09_27_03_P","5080000","508000090201800001","2018-09-21","","01","영업/정상","1","정상","","","","","054-482-2007","","","경상북도 구미시 고아읍 오로리 **-**","경상북도 구미시 고아읍 농공단지길 **","39137","주식회사 니온팀버(1종)","2026-02-10 14:11:07","U","2026-02-12 02:40:00","","319081.476304219","302648.040968871","제재업","1종","목재판재,각재,데크재, 제재목 등","목재생산업 과정이수","0","30","영업",
"105","제재업","09_27_03_P","5350000","535000090202100009","2021-07-26","","01","영업/정상","1","정상","","","","","0553224202","","","","경상남도 김해시 생림면 봉림로 **","50800","***(4종)","2026-02-10 11:25:05","U","2026-02-12 02:40:00","","367922.175103422","204946.843866589","제재업","4종","톱밥, 대패, 화목","교육이수자 박종하","60","30","영업",
"106","제재업","09_27_03_P","5100000","510000090202300002","2023-08-28","","01","영업/정상","1","정상","","","","","","","","경상북도 영천시 대창면 운천리 *** 초원조경","경상북도 영천시 대창면 금창로 ****, 초원조경","38913","초원조경개발공사(1종)","2026-02-10 10:09:06","U","2026-02-12 02:40:00","","376122.332415467","264625.078658197","제재업","1종","","1명","0","300","영업",
"107","제재업","09_27_03_P","5070000","507000090202200003","2022-05-17","","01","영업/정상","1","정상","","","","","","","","경상북도 안동시 남선면 신석리 ***-*","경상북도 안동시 남선면 농공단지길 **-*","36741","퍼팩트 안동파이프(주)(1종)","2026-02-10 12:47:56","U","2026-02-12 02:40:00","","359308.933292251","338312.061321384","제재업","1종","제재목","서세훈","0","0","영업",
"108","제재업","09_27_03_P","4281000","428100090202100006","2021-11-16","","01","영업/정상","1","정상","","","","","033-334-0015","","","강원특별자치도 평창군 평창읍 주진리 ***-** 삼원엔지니어스","강원특별자치도 평창군 평창읍 농공단지길 **-**, 삼원엔지니어스","25369","금강우드합자회사(3종)","2026-02-10 13:26:34","U","2026-02-12 02:40:00","","324625.349418577","433301.739509747","제재업","3종","제재목, 데크","","0","0","영업",
"109","제재업","09_27_03_P","4281000","428100090202100007","2021-12-03","","01","영업/정상","1","정상","","","","","033-334-9957","","","강원특별자치도 평창군 평창읍 주진리 ***-**","강원특별자치도 평창군 평창읍 농공단지길 **-**","25369","(주)바루디자인(1종)","2026-02-10 13:26:54","U","2026-02-12 02:40:00","","324702.852745474","433295.582280946","제재업","1종","제재목, 데크","","0","0","영업",
"110","제재업","09_27_03_P","4281000","428100090202000002","2020-05-01","","03","폐업","3","폐업","","","","","033-332-6610","","","강원특별자치도 평창군 평창읍 주진리 ***-** J&SCO.","강원특별자치도 평창군 평창읍 농공단지길 **-**, J&SCO.","25369","케이더블유그린우드(1종)","2026-02-10 11:31:13","U","2026-02-12 02:40:00","","324743.035815426","433296.205312009","제재업","1종","제재목","","1500","50","폐업",
"111","제재업","09_27_03_P","4281000","428100090202000004","2020-07-03","","01","영업/정상","1","정상","","","","","","","","강원특별자치도 평창군 진부면 상진부리 ***-*","강원특별자치도 평창군 진부면 진벌*길 **","25327","***(1종)","2026-02-10 11:33:42","U","2026-02-12 02:40:00","","338540.178640163","462500.681623547","제재업","1종","원목, 제재목","이충일","300","30","영업",
"112","제재업","09_27_03_P","5100000","510000090202300006","2023-11-17","","01","영업/정상","1","정상","","","","","0543359101","","","경상북도 영천시 고경면 청정리 ***-*","경상북도 영천시 고경면 청정길 ***-**","38902","대명영농조합법인(4종)","2026-02-10 10:07:14","U","2026-02-12 02:40:00","","390185.829821387","278678.642808803","제재업","4종","","권미연(직원)","0","0","영업",
"113","제재업","09_27_03_P","5080000","508000090202500002","2025-04-01","","01","영업/정상","1","정상","","","","","054-471-0727","","","경상북도 구미시 선산읍 동부리 ***","경상북도 구미시 선산읍 남문로 **","39118","구미시산림조합(4종)","2026-02-10 15:01:54","U","2026-02-12 02:40:00","","316940.959209794","305377.036451235","제재업","4종","목재칩, 톱밥 등","","0","0","영업",
"114","제재업","09_27_03_P","5310000","531000090201300001","2013-10-28","","01","영업/정상","1","정상","","","","","0557454088","","","경상남도 진주시 대곡면 덕곡리 ***","경상남도 진주시 대곡면 진의로 ***-*","660-911","대곡제재소(1종)","2026-02-11 13:39:55","U","2026-02-13 02:40:00","","308745.098769024","193715.855663457","제재업","1종","판재, 각재","","0","50","영업",
"115","제재업","09_27_03_P","5310000","531000090201300002","2013-10-28","","01","영업/정상","1","정상","","","","","0557454088","","","경상남도 진주시 대곡면 덕곡리 ***","경상남도 진주시 대곡면 진의로 ***-*","660-911","대곡제재소(3종)","2026-02-11 13:40:07","U","2026-02-13 02:40:00","","308745.098769024","193715.855663457","제재업","3종","판재, 각재","","0","50","영업",
"116","제재업","09_27_03_P","5400000","540000090201800001","2018-07-16","","01","영업/정상","1","정상","","","","","585-8829","","","","경상남도 함안군 법수면 두배길 **-**","52055","***(1종)","2026-02-11 11:31:28","U","2026-02-13 02:40:00","","","","제재업","1종","각재, 판재","","0","0","영업",
"117","제재업","09_27_03_P","5710000","441000090201300036","2013-12-03","","02","휴업","2","휴업","","","","","043-283-3356","","","충청북도 청주시 상당구 용암동 **** 중흥마을*단지부영아파트","충청북도 청주시 상당구 중흥로 ***, ***동 ****호 (용암동, 중흥마을*단지부영아파트)","28768","***(1종)","2026-02-11 09:31:31","U","2026-02-13 02:40:00","","245610.832940616","346194.203405457","제재업","1종","각재, 판재","","0","41","휴업",
"118","제재업","09_27_03_P","5710000","441000090201300032","2013-11-25","","03","폐업","3","폐업","","","","","043-212-5509","","","","충청북도 청주시 청원구 오창읍 오창가좌길 **-**","","농업회사법인 (주)팜스코(4종)","2026-02-11 10:16:01","U","2026-02-13 02:40:00","","","","제재업","4종","톱밥, 목탄, 성형목탄, 목재펠릿, 임산펠릿, 목재칩,","관련교육이수자 1인","16000","990","폐업",
"119","제재업","09_27_03_P","5710000","441000090201300009","2014-04-15","","02","휴업","2","휴업","","","","","292-1845","","","충청북도 청주시 상당구 문의면 남계리 ***-**","충청북도 청주시 상당구 문의면 남계길 **-*","","대성목재수출포장(1종)","2026-02-11 09:20:30","U","2026-02-13 02:40:00","","244907.513373153","336893.229109748","제재업","1종","목재 파렛트, 목재용기","","30000","297","휴업",
"120","제재업","09_27_03_P","5710000","441000090201300010","2014-04-15","","02","휴업","2","휴업","","","","","","","","충청북도 청주시 상당구 문의면 남계리 ***-* 대림산업","충청북도 청주시 상당구 문의면 남계길 **-*, 대림산업","28207","동성목재수출포장(1종)","2026-02-11 09:24:10","U","2026-02-13 02:40:00","","244869.091542259","336859.95327938","제재업","1종","목재파렛트, 목상자","","35000","392","휴업",
"121","제재업","09_27_03_P","5710000","441000090201400001","2014-01-03","","03","폐업","3","폐업","","","","","0432529700","","","충청북도 청주시 상당구 낭성면 호정리 ***-*","충청북도 청주시 상당구 낭성면 호정전하울길 **-**","","전하울국화황토숯불가마(4종)","2026-02-11 10:16:58","U","2026-02-13 02:40:00","","254112.818660024","345953.494018017","제재업","4종","목탄","","0","30","폐업",
"122","제재업","09_27_03_P","5710000","441000090201300025","2013-11-21","","02","휴업","2","휴업","","","","","0432134945","","","","충청북도 청주시 청원구 북이면 화상길 ***","","대상(4종)","2026-02-11 10:17:58","U","2026-02-13 02:40:00","","245271.570845494","361511.729770349","제재업","4종","목탄","","0","30","휴업",
"123","제재업","09_27_03_P","5710000","441000090201300022","2014-03-31","","03","폐업","3","폐업","","","","","","","","","충청북도 청주시 청원구 오창읍 괴정길 **","363-882","미소물산 오창공장(1종)","2026-02-11 09:18:07","U","2026-02-13 02:40:00","","241460.440986665","358791.692924389","제재업","1종","판재 및 각재","","0","122","폐업",
"124","제재업","09_27_03_P","5710000","441000090201400003","2014-06-12","","02","휴업","2","휴업","","","","","043-296-5294","","","","충청북도 청주시 상당구 미원면 단재로 ****","","이건목재산업(1종)","2026-02-11 09:26:11","U","2026-02-13 02:40:00","","","","제재업","1종","각재, 판재","교육이수자 1명","0","50","휴업",
"125","제재업","09_27_03_P","5710000","441000090201300023","2013-11-19","","03","폐업","3","폐업","","","","","","","","","충청북도 청주시 청원구 내수읍 청암로 ***-**","28146","***(1종)","2026-02-11 09:30:52","U","2026-02-13 02:40:00","","249394.598763913","357505.770536139","제재업","1종","각재 및 판재","","0","146","폐업",
"126","제재업","09_27_03_P","5710000","436000090201300009","2013-11-25","","02","휴업","2","휴업","","","","","716-7251","","","충청북도 청주시 흥덕구 옥산면 호죽리 ***","충청북도 청주시 흥덕구 옥산면 옥산산단*로 * ((주)엘지하우시스)","361-912","(주)엘엑스하우스시(1종)","2026-02-11 09:26:49","U","2026-02-13 02:40:00","","233644.66212536","355661.835137465","제재업","1종","마루바닥재(합판등 목질판상제품)","임산가공기사 1명","0","0","휴업",
"127","제재업","09_27_03_P","5710000","571000090201700001","2017-01-06","","02","휴업","2","휴업","","","","","","","","","충청북도 청주시 상당구 남일면 척산화당로 ***-**","28207","***(1종)","2026-02-11 10:15:00","U","2026-02-13 02:40:00","","244492.556620815","338774.601556971","제재업","1종","각재, 판재 및 원주","","0","0","휴업",
"128","제재업","09_27_03_P","5710000","571000090201600005","2016-03-07","","03","폐업","3","폐업","","","","","","","","","충청북도 청주시 서원구 현도면 시목외천로 ***-**, (주)다온","28211","***(1종)","2026-02-11 09:34:28","U","2026-02-13 02:40:00","","237219.326477834","335585.328193627","제재업","1종","제재목","","0","0","폐업",
"129","제재업","09_27_03_P","5710000","571000090201700009","2017-06-22","","02","휴업","2","휴업","","","","","","","","","충청북도 청주시 흥덕구 강내면 저산태성로 **","28176","***(4종)","2026-02-11 10:18:45","U","2026-02-13 02:40:00","","232145.789829441","340207.122234754","제재업","4종","죽데기, 톱밥","","0","0","휴업",
"130","제재업","09_27_03_P","5710000","571000090201700015","2017-11-09","","03","폐업","3","폐업","","","","","043-215-9229","","","","충청북도 청주시 청원구 오창읍 호죽성재로 ***","28104","***(4종)","2026-02-11 10:19:20","U","2026-02-13 02:40:00","","229311.459169074","358361.888279885","제재업","4종","목재칩, 톱밥","","0","0","폐업",
"131","제재업","09_27_03_P","5710000","441000090201300013","2013-10-31","","03","폐업","3","폐업","","","","","043-241-2211","","","","충청북도 청주시 청원구 북이면 장재금대로 ***, (주)신영이앤피","28135","***(4종)","2026-02-11 10:19:54","U","2026-02-13 02:40:00","","250947.480021826","362317.814061605","제재업","4종","목재펠릿, 임산펠릿, 목재칩, 톱밥, 목분","관련기관 교육이수자 1인","25000","1819","폐업",
"132","제재업","09_27_03_P","5710000","571000090201800005","2018-03-06","","02","휴업","2","휴업","","","","","043-212-5509","","","","충청북도 청주시 청원구 오창읍 오창가좌*길 **-**","28105","***(1종)","2026-02-11 09:29:06","U","2026-02-13 02:40:00","","234372.600318957","359720.769861723","제재업","1종","각재","","0","0","휴업",
"133","제재업","09_27_03_P","5710000","441000090201300008","2014-04-17","","03","폐업","3","폐업","","","","","043-215-9229","","","","충청북도 청주시 청원구 오창읍 호죽성재로 ***","28104","***(4종)","2026-02-11 10:20:26","U","2026-02-13 02:40:00","","229311.459169074","358361.888279885","제재업","4종","톱밥, 목재칩","관련기관 교육이수자 1명","5000","11600","폐업",
"134","제재업","09_27_03_P","5710000","441000090201300026","2013-11-21","","03","폐업","3","폐업","","","","","043-214-4947","","","","충청북도 청주시 청원구 북이면 장양길 **-**","28134","***(1종)","2026-02-11 09:30:20","U","2026-02-13 02:40:00","","247692.254808306","361847.968029874","제재업","1종","각재, 판재","관련교육이수자","0","50","폐업",
"135","제재업","09_27_03_P","4530000","453000090202100001","2021-09-01","","01","영업/정상","1","정상","","","","","","","","충청남도 서산시 고북면 가구리 *** 베노","충청남도 서산시 고북면 고수관로 **-**, 베노","32027","(주)베노(1종)","2026-02-11 11:51:28","U","2026-02-13 02:40:00","","158679.808854215","351017.790654818","제재업","1종","제재목","","0","0","영업",
"136","제재업","09_27_03_P","4050000","405000090201900005","2019-09-18","","01","영업/정상","1","정상","","","","","031-338-7260","","","경기도 용인시 처인구 이동읍 덕성리 ****-*","경기도 용인시 처인구 이동읍 덕성리 ****-*번지","","기주산업(주)(4종)","2026-02-11 15:04:04","U","2026-02-13 02:40:00","","217683.382362324","408833.865258931","제재업","4종","목재칩","관련교육 이수","20000","50","영업",
"137","제재업","09_27_03_P","5710000","571000090202000005","2020-07-14","","03","폐업","3","폐업","","","","","","","","","충청북도 청주시 상당구 낭성면 호정대신로 ***-**, 알앤비텍(주)","28193","***(4종)","2026-02-11 10:24:14","U","2026-02-13 02:40:00","","253748.583264008","348935.03562372","제재업","4종","목재칩, 톱밥","","6000","30","폐업",
"138","제재업","09_27_03_P","5710000","571000090202300001","2022-09-07","","03","폐업","3","폐업","","","","","","","","","충청북도 청주시 청원구 율량로***번길 **, ***호 (율량동)","28321","***(1종)","2026-02-11 10:14:09","U","2026-02-13 02:40:00","","244648.150942069","351727.434879627","제재업","1종","원목","","2000","30","폐업",
"139","제재업","09_27_03_P","5710000","571000090201500019","2015-06-19","","02","휴업","2","휴업","","","","","283-3356","","","충청북도 청주시 상당구 가덕면 금거리 ***-*","충청북도 청주시 상당구 가덕면 단재로 ****-*","360-853","상원제재소(1종)","2026-02-11 09:32:44","U","2026-02-13 02:40:00","","253171.145575665","342592.220841291","제재업","1종","각재, 판재","","0","0","휴업",
"140","제재업","09_27_03_P","5090000","509000090202000001","2020-03-10","","01","영업/정상","1","정상","","","","","638-1777","","","경상북도 영주시 휴천동 ***-*","경상북도 영주시 영봉로 *** (휴천동)","36168","영주강원톱밥(윤호근)(4종)","2026-02-11 21:15:18","U","2026-02-13 02:40:00","","347738.787969897","369354.993627941","제재업","4종","톱밥","교육이수 1명","0","30","영업",
"141","제재업","09_27_03_P","5710000","571000090202000001","2020-04-16","","03","폐업","3","폐업","","","","","043-214-5926","","","","충청북도 청주시 청원구 북이면 신대석성로 ***","28138","***(4종)","2026-02-11 10:21:22","U","2026-02-13 02:40:00","","246176.741643605","360702.50846362","제재업","4종","목재칩, 톱밥","","12000","50","폐업",
"142","제재업","09_27_03_P","5710000","571000090202300015","2023-11-20","","03","폐업","3","폐업","","","","","043-210-5412","","","충청북도 청주시 청원구 내수읍 우산리 ***-*","충청북도 청주시 청원구 내수읍 초정약수로 ***","28148","주식회사 새길산업(1종)","2026-02-11 09:33:29","U","2026-02-13 02:40:00","","253204.861353771","358148.623740509","제재업","1종","","","0","0","폐업",
"143","제재업","09_27_03_P","5690000","569000090202200001","2022-03-17","","01","영업/정상","1","정상","","","","","041-566-3200","","","세종특별자치시 소정면 고등리 *** 에버에스티(주)","세종특별자치시 소정면 서정길 ***-**, 에버에스티(주)","30002","에버에스티주식회사(1종)","2026-02-11 17:46:24","U","2026-02-13 02:40:00","","216665.053865806","356565.724910676","제재업","1종","각재, 판재, 데크 등","1명","1000","990","영업",
"144","제재업","09_27_03_P","5710000","571000090202500004","2025-04-16","","03","폐업","3","폐업","","","","","","","","","충청북도 청주시 청원구 내수읍 청암로 ***-**","28146","***(4종)","2026-02-11 10:22:57","U","2026-02-13 02:40:00","","249394.598763913","357505.770536139","제재업","4종","펠릿, 목재칩","목재생산업 교육과정 이수자 1명","0","200","폐업",
"145","제재업","09_27_03_P","5690000","569000090202400004","2024-08-19","","01","영업/정상","1","정상","","","","","","","","세종특별자치시 연서면 월하리 ***-*","세종특별자치시 연서면 월성로 ***","30049","금륭투수개발(주)(1종)","2026-02-12 14:03:24","U","2026-02-14 02:40:00","","225294.049149449","342489.264765793","제재업","1종","","","0","0","영업",
"146","제재업","09_27_03_P","5690000","569000090201300003","2014-05-07","","01","영업/정상","1","정상","","","","","","","","세종특별자치시 전동면 송성리 ***-*","세종특별자치시 전동면 솔티로 ***","339-842","주식회사 아그로텍(4종)","2026-02-12 14:50:31","U","2026-02-14 02:40:00","","219385.997906901","347715.074172923","제재업","4종","목재펠릿","1인","2000","30","영업",
"147","제재업","09_27_03_P","5700000","570000090201800002","2018-04-19","","01","영업/정상","1","정상","","","","","031)886-1119","","","경기도 여주시 강천면 이호리 **-*","경기도 여주시 강천면 걸촌동길 **","12616","(주)자연촌 여주 참숯마을(4종)","2026-02-12 17:06:33","U","2026-02-14 02:40:00","","262005.123129258","420955.017985633","제재업","4종","목탄, 숯","1명","120000","1300","영업",
"148","제재업","09_27_03_P","5690000","569000090202100005","2021-11-24","","03","폐업","3","폐업","","","","","044-862-3197","","","세종특별자치시 보람동 *** 스마트허브Ⅱ*층 ***A호","세종특별자치시 한누리대로 ****, 스마트허브Ⅱ *층 ***A호 (보람동)","30151","(주)재형에너지(4종)","2026-02-12 13:37:58","U","2026-02-14 02:40:00","","225735.386482451","330901.489436943","제재업","4종","목재펠릿","","20000","150","폐업",
"149","제재업","09_27_03_P","4241000","424100090201600002","2016-03-02","","01","영업/정상","1","정상","","","","","","","","","강원특별자치도 삼척시 근덕면 본동길 **-***","","주식회사지에스씨(1종)","2026-02-12 16:19:06","U","2026-02-14 02:40:00","","397666.605242987","428401.007199106","제재업","1종","제재목","교육이수","0","30","영업",
"150","제재업","09_27_03_P","5090000","509000090202200001","2022-01-10","","01","영업/정상","1","정상","","","","","","","","경상북도 영주시 문수면 권선리 *** 성원화학(주)","경상북도 영주시 문수면 반구로 ***-**, 성원화학(주)","36172","성원화학(주)(1종)","2026-02-12 13:00:33","U","2026-02-14 02:40:00","","344007.060260321","364801.929296108","제재업","1종","데크 등","","0","0","영업",
"151","제재업","09_27_03_P","6510000","651000090202300003","2023-06-30","","01","영업/정상","1","정상","","","","","","","","제주특별자치도 제주시 노형동 ****","제주특별자치도 제주시 오도**길 **, 에이동 (노형동)","63094","주식회사산내들환경(4종)","2026-02-12 10:25:56","U","2026-02-14 02:40:00","","149915.441076926","-1031.22901410519","제재업","4종","목재칩, 톱밥, 목재펠릿","1","5000","211","영업",
"152","제재업","09_27_03_P","5090000","509000090202500003","2025-07-09","","01","영업/정상","1","정상","","","","","054)635-4244","","","경상북도 영주시 하망동 ***-** 영주시산림조합","경상북도 영주시 영주로***번길 **, 영주시산림조합 (하망동)","36074","영주시산림조합(4종)","2026-02-12 13:19:34","U","2026-02-14 02:40:00","","344943.533475303","370651.265883716","제재업","4종","톱밥 등","","0","0","영업",
"153","제재업","09_27_03_P","5540000","554000090201600001","2016-03-03","","01","영업/정상","1","정상","","","","","","","","","경기도 광주시 초월읍 동막골길**번길 **-*","","***(1종)","2026-02-13 11:21:42","U","2026-02-15 02:40:00","","228466.825621825","430509.221635885","제재업","1종","제재목","","5000","100","영업",
"154","제재업","09_27_03_P","5540000","554000090201600005","2016-08-03","","01","영업/정상","1","정상","","","","","","","","","경기도 광주시 초월읍 산수로 ***-**","","***(1종)","2026-02-13 13:42:22","U","2026-02-15 02:40:00","","227875.978057422","430333.180373404","제재업","1종","합판마루,강마루 등 목재마루재","","0","0","영업",
"155","제재업","09_27_03_P","5540000","554000090201600002","2016-03-03","","01","영업/정상","1","정상","","","","","027983811","","","","서울특별시 강남구 학동로 ***, ***호 (논현동, 한미빌딩)","06060","(주)아도니스글로벌(1종)","2026-02-13 13:31:54","U","2026-02-15 02:40:00","","203313.448609708","446043.8368013","제재업","1종","후로링 보드","","600000","600","영업",
"156","제재업","09_27_03_P","5141000","514100090201300001","2013-11-19","","03","폐업","3","폐업","","","","","","","","","대구광역시 군위군 군위읍 정*길 **","","김서현(1종)","2026-02-13 13:10:04","U","2026-02-15 02:40:00","","","","제재업","1종","각재,파렛트","","0","50","폐업",
"157","제재업","09_27_03_P","5141000","514100090201300002","2013-11-19","","01","영업/정상","1","정상","","","","","","","","대구광역시 군위군 효령면 중구리 *** **통","대구광역시 군위군 효령면 경북대로 ****-**","716-821","***(1종)","2026-02-13 13:06:32","U","2026-02-15 02:40:00","","342146.904310976","296245.55795629","제재업","1종","각재,국악기(북,장고)","","0","50","영업",
"158","제재업","09_27_03_P","5141000","514100090201300003","2013-11-19","","03","폐업","3","폐업","","","","","","","","대구광역시 군위군 우보면 이화리 ****","대구광역시 군위군 우보면 이화길 ***","716-842","***(1종)","2026-02-13 13:09:24","U","2026-02-15 02:40:00","","349899.608832201","300989.762042375","제재업","1종","각재, 판재(수출포장재)","","0","260","폐업",
"159","제재업","09_27_03_P","5141000","514100090201500002","2015-02-27","","03","폐업","3","폐업","","","","","0543825501","","","","대구광역시 군위군 효령면 장군로 ***","","(주)금강목재(1종)","2026-02-13 13:08:01","U","2026-02-15 02:40:00","","341186.437702887","291839.453377146","제재업","1종","소나무류","천철희 외11","1000000","50","폐업",
