"번호","개방서비스명","개방서비스아이디","개방자치단체코드","관리번호","인허가일자","인허가취소일자","영업상태구분코드","영업상태명","상세영업상태코드","상세영업상태명","폐업일자","휴업시작일자","휴업종료일자","재개업일자","소재지전화","소재지면적","소재지우편번호","소재지전체주소","도로명전체주소","도로명우편번호","사업장명","최종수정시점","데이터갱신구분","데이터갱신일자","업태구분명","좌표정보x(epsg5174)","좌표정보y(epsg5174)","축산업무구분명","축산물가공업구분명","축산일련번호","권리주체일련번호","총직원수",
"1","사료제조업","02_04_05_P","6280000","628000050220260005","2026-02-02","","01","영업/정상","0000","정상","","","","","","","","인천광역시 부평구 십정동  119번지 0호 3호","인천광역시 부평구 열우물로 143, 3층 (십정동)","21448","주식회사 원크루","2026-02-02 09:34:17","I","2026-02-04 00:20:02","사료제조업(수입)","172690.570702005","441766.830445439","사료제조업","","0","000","0",
"2","사료제조업","02_04_05_P","3740000","374000003420260002","2026-02-02","","01","영업/정상","0000","정상","","","","","","0","","경기도 수원시 권선구 구운동 139-77","경기도 수원시 권선구 금호로 231, 지하1층 (구운동)","16410","챔프","2026-02-02 17:49:57","I","2026-02-04 00:20:02","단미","197730.652727933","419306.284989774","사료제조업","단미","0","000","0",
"3","사료제조업","02_04_05_P","6440000","644000050220260016","2026-02-02","","01","영업/정상","0000","정상","","","","","0418331003","","","충청남도 부여군 구룡면 구봉리 207번지 1호","충청남도 부여군 구룡면 흥수로 409","33189","삼원 농업회사법인 주식회사","2026-02-02 11:28:07","I","2026-02-04 00:20:02","사료제조업(배합)","185062.172082505","306249.967954338","사료제조업","","0","000","0",
"4","사료제조업","02_04_05_P","3910000","391000003420160004","2016-07-08","","01","영업/정상","0000","정상","","","","","","0","","경기도 평택시 청북면 고잔리 73-120 외 1필지(73-121)","경기도 평택시 청북면 청북중앙로 545-12","17794","주식회사 에코사이클","2026-02-02 09:18:03","U","2026-02-04 02:40:00","단미","190189.787960159","394911.034655839","사료제조업","단미","0","L00","0",
"5","사료제조업","02_04_05_P","6540000","654000050220050012","2005-10-25","","01","영업/정상","0000","정상","","","","","0635402600","0","","전북특별자치도 김제시 흥사동  219번지","전북특별자치도 김제시 하공로 222 (흥사동)","","(주)농협사료 전북지사","2026-02-02 08:49:19","U","2026-02-04 02:40:00","사료제조업(배합)","190998.612643846","258433.048367432","사료제조업","","0","000","0",
"6","사료제조업","02_04_05_P","3930000","393000003420100001","2010-06-22","","01","영업/정상","0000","정상","","","","","031-481-2566","0","","경기도 안산시 단원구 대부동동 1253-1 안산시농업기술센터","경기도 안산시 단원구 갈마지1길 104, 안산시농업기술센터 (대부동동)","15644","안산시농업기술센터","2026-02-02 17:28:05","U","2026-02-04 02:40:00","보조","163633.745771033","416441.966269603","사료제조업","보조","0","000","0",
"7","사료제조업","02_04_05_P","6270000","627000050220170002","2017-01-06","","03","폐업","0002","폐업","2026-01-30","","","","","0","","대구광역시 남구 대명동  2147번지 8호","대구광역시 남구 양지로16길 22, 1층 (대명동)","","멍쉐프","2026-01-30 11:34:47","U","2026-02-04 11:04:37","사료제조업(단미)","342742.498003563","262365.159548318","사료제조업","","0","000","0",
"8","사료제조업","02_04_05_P","4040000","404000003420150001","2015-01-22","","03","폐업","0002","폐업","2026-01-30","","","","070-4143-8313","0","","경기도 하남시 덕풍동 356-25","경기도 하남시 신장로 188, 현대빌딩 4층 (덕풍동)","12970","(주)피플펫","2026-01-30 17:57:08","U","2026-02-04 11:04:37","수입","217601.536658803","448887.119772366","사료제조업","수입","0","L00","0",
"9","사료제조업","02_04_05_P","4030000","403000003420170003","2017-10-10","","01","영업/정상","0000","정상","","","","","031-224-4127","0","","경기도 의왕시 이동 478","경기도 의왕시 가나무로 20 (이동, 의왕시재활용센타)","16078","환경에너지솔루션 주식회사","2026-01-30 16:20:30","U","2026-02-04 11:04:37","단미","196797.910314642","426243.352364404","사료제조업","단미","0","L00","0",
"10","사료제조업","02_04_05_P","6530000","642000050220220045","2022-09-15","","01","영업/정상","0000","정상","","","","","0333441841","0","","강원특별자치도 횡성군 우천면 오원리 814번지 0호","강원특별자치도 횡성군 우천면 전재로130번길 29-8","","㈜대웅제약 2공장","2026-01-30 17:11:19","U","2026-02-04 11:04:37","사료제조업(보조)","295931.600091226","438139.840581364","사료제조업","","0","000","0",
"11","사료제조업","02_04_05_P","6530000","642000050220220052","2022-10-13","","01","영업/정상","0000","정상","","","","","0333441841","0","","강원특별자치도 횡성군 우천면 오원리 814번지 0호","강원특별자치도 횡성군 우천면 전재로130번길 29-8","","㈜대웅제약 2공장","2026-01-30 17:10:08","U","2026-02-04 11:04:37","사료제조업(배합)","295931.600091226","438139.840581364","사료제조업","","0","000","0",
"12","사료제조업","02_04_05_P","4830000","483000003420150013","2014-03-26","","01","영업/정상","0000","정상","","","","","061-339-1041","0","","","전라남도 나주시 문평면 다시로 40","58286","(주)농협사료 전남지사","2026-01-30 10:28:32","U","2026-02-04 11:04:37","배합","165785.491373578","169399.232101419","사료제조업","배합","0","L00","0",
"13","사료제조업","02_04_05_P","6270000","627000050220210044","2021-10-19","","03","폐업","0002","폐업","2026-01-30","","","","","0","","대구광역시 남구 대명동  856번지 16호 1층","대구광역시 남구 안지랑로16길 84-14, 1층(대명동)","","바이올독 푸드","2026-01-30 15:26:13","U","2026-02-04 11:04:37","사료제조업(단미)","342314.461706282","260694.947440209","사료제조업","","0","000","0",
"14","사료제조업","02_04_05_P","3120000","312000003420250002","2025-11-24","","01","영업/정상","0000","정상","","","","","","0","","서울특별시 서대문구 창천동 449 일광빌딩","서울특별시 서대문구 연희로 30, 일광빌딩 1층 103호 (창천동)","03784","러프(Ruff)","2026-01-30 10:56:14","U","2026-02-04 11:04:37","단미","193494.136860254","451017.53225722","사료제조업","단미","0","000","0",
"15","사료제조업","02_04_05_P","4070000","407000003420250003","2025-07-29","","03","폐업","0002","폐업","2026-01-30","","","","","0","","경기도 이천시 백사면 조읍리 386-5","경기도 이천시 백사면 지읍로 119-19","17311","티디바이오 2공장","2026-01-30 09:32:04","U","2026-02-04 11:04:37","보조","242597.329337141","424104.343298593","사료제조업","보조","0","000","0",
"16","사료제조업","02_04_05_P","6480000","648000050220260003","2026-02-04","","01","영업/정상","0000","정상","","","","","0559867800","","","경상남도 창녕군 대합면 모전리 901번지 0호","경상남도 창녕군 대합면 수장퇴산로 35","","고려산업(주)","2026-02-04 10:47:02","I","2026-02-06 00:20:02","사료제조업(배합)","332643.034437265","232113.943702664","사료제조업","","0","L00","0",
"17","사료제조업","02_04_05_P","6430000","643000050220260008","2026-02-03","","01","영업/정상","0000","정상","","","","","0432131305","","","충청북도 청주시 청원구 북이면 금암리 281번지 0호 1층","충청북도 청주시 청원구 북이면 의암로 186, 1층","","하이온","2026-02-03 18:16:10","I","2026-02-06 00:20:02","사료제조업(단미)","249357.686044202","361263.145649293","사료제조업","","0","000","0",
"18","사료제조업","02_04_05_P","6430000","643000050220260009","2026-02-03","","01","영업/정상","0000","정상","","","","","0432131305","","","충청북도 청주시 청원구 북이면 금암리 281번지 0호 ,1층","충청북도 청주시 청원구 북이면 의암로 186, 1층","28136","하이온","2026-02-03 17:28:12","I","2026-02-06 00:20:02","사료제조업(단미)","249357.686044202","361263.145649293","사료제조업","","0","000","0",
"19","사료제조업","02_04_05_P","6430000","643000050220260010","2026-02-03","","01","영업/정상","0000","정상","","","","","0432180406","","","충청북도 청주시 청원구 오창읍 성재리 113번지 0호 C동","충청북도 청주시 청원구 오창읍 성재1길 15, C동","28104","오양트레이딩컨퍼니","2026-02-03 17:28:26","I","2026-02-06 00:20:02","사료제조업(단미)","231392.043309371","358569.364094937","사료제조업","","0","000","0",
"20","사료제조업","02_04_05_P","6460000","646000050220110015","2011-07-06","","03","폐업","0002","폐업","","","","","","0","","전라남도 신안군 압해읍 분매리 704번지 0호 어업법인신안우럭주식회사","전라남도 신안군 압해읍 두지숭의길 161, 어업법인신안우럭주식회사","58825","어업회사법인 신안우럭(주)","2026-02-03 17:44:31","I","2026-02-06 00:20:02","사료제조업(배합)","140837.48729188","151665.852507657","사료제조업","","0","000","0",
"21","사료제조업","02_04_05_P","6460000","646000050220260002","2026-02-03","","01","영업/정상","0000","정상","","","","","","","","전라남도 순천시 대대동  1103번지 1호","전라남도 순천시 동너리길 56 (대대동)","58027","애플바이오랩","2026-02-03 14:45:04","I","2026-02-06 00:20:02","사료제조업(보조)","245883.527431474","156250.440435855","사료제조업","","0","000","0",
"22","사료제조업","02_04_05_P","6460000","646000050220260003","2026-02-03","","01","영업/정상","0000","정상","","","","","","","","전라남도 순천시 대대동  1103번지 1호","전라남도 순천시 동너리길 56 (대대동)","58027","애플바이오랩","2026-02-03 14:45:17","I","2026-02-06 00:20:02","사료제조업(보조)","245883.527431474","156250.440435855","사료제조업","","0","000","0",
"23","사료제조업","02_04_05_P","6460000","646000050220260004","2026-02-03","","01","영업/정상","0000","정상","","","","","","","","전라남도 순천시 대대동  1103번지 1호","전라남도 순천시 동너리길 56 (대대동)","58027","애플바이오랩","2026-02-03 14:45:29","I","2026-02-06 00:20:02","사료제조업(보조)","245883.527431474","156250.440435855","사료제조업","","0","000","0",
"24","사료제조업","02_04_05_P","6440000","644000050220260017","2026-02-03","","01","영업/정상","0000","정상","","","","","","","","충청남도 태안군 소원면 모항리 1285번지 5호","충청남도 태안군 소원면 모항파도로 238","32123","새우 키우는 남자 유통","2026-02-03 09:33:36","I","2026-02-06 00:20:02","사료제조업(수입)","122865.673768809","362643.15075541","사료제조업","","0","000","0",
"25","사료제조업","02_04_05_P","6440000","644000050220260018","2026-02-03","","01","영업/정상","0000","정상","","","","","0416674506","","","충청남도 서산시 인지면 둔당리 55번지 18호","충청남도 서산시 인지면 둔당로 145","32015","월드컴퍼니","2026-02-03 13:55:48","I","2026-02-06 00:20:02","사료제조업(수입)","148639.983553851","362039.956167018","사료제조업","","0","000","0",
"26","사료제조업","02_04_05_P","6440000","644000050220260019","2026-02-04","","01","영업/정상","0000","정상","","","","","","","","충청남도 태안군 소원면 신덕리 629번지 5호","충청남도 태안군 소원면 소근로 63-19","32120","새키남유통","2026-02-04 14:50:37","I","2026-02-06 00:20:02","사료제조업(수입)","128010.472456654","362834.63779618","사료제조업","","0","000","0",
"27","사료제조업","02_04_05_P","4090000","409000003420260002","2026-02-03","","01","영업/정상","0000","정상","","","","","","0","","경기도 김포시 월곶면 갈산리 269-26","경기도 김포시 월곶면 안진골로 113-11","10022","주식회사 스카이에너지 김포지사","2026-02-03 15:07:39","I","2026-02-06 00:20:02","단미","162143.32254565","468899.939492102","사료제조업","단미","0","L00","0",
"28","사료제조업","02_04_05_P","6260000","626000050220260004","2026-02-03","","01","영업/정상","0000","정상","","","","","0514675010","","","부산광역시 중구 중앙동3가  1번지 0호 부산우체국","부산광역시 중구 중앙대로 63, 부산우체국 12층 (중앙동3가)","","퍼플오션인터내셔널","2026-02-03 13:18:47","I","2026-02-06 00:20:02","사료제조업(수입)","385561.650139456","180152.738082365","사료제조업","","0","L00","0",
"29","사료제조업","02_04_05_P","5530000","553000003420260002","2026-02-03","","01","영업/정상","0000","정상","","","","","","0","","경기도 화성시 동탄구 영천동  834-1","경기도 화성시 동탄구 동탄기흥로 565 (영천동)","18469","주식회사 디에이지테크놀로지","2026-02-03 17:48:07","I","2026-02-06 00:20:02","수입","208126.886571062","412132.07816691","사료제조업","수입","0","L00","0",
"30","사료제조업","02_04_05_P","6530000","653000050220230006","2023-07-10","","03","폐업","0002","폐업","2026-02-03","","","","0336443116","","","강원특별자치도 강릉시 사천면 산대월리 340번지 0호","강원특별자치도 강릉시 사천면 하남길 30","25441","마이크로알지에스크어스","2026-02-03 22:09:21","U","2026-02-06 02:40:00","사료제조업(배합)","364646.645342428","480469.378258527","사료제조업","","0","000","0",
"31","사료제조업","02_04_05_P","6500000","650000050220050003","2005-09-06","","01","영업/정상","0000","정상","","","","","0647210230","0","","제주특별자치도 제주시 한경면 두모리 2442번지 1호","제주특별자치도 제주시 한경면 두모9길 2-32","63002","펌-리서치(주)","2026-02-03 14:47:01","U","2026-02-06 02:40:00","사료제조업(보조)","143653.573762268","-4670.09352761002","사료제조업","","0","000","0",
"32","사료제조업","02_04_05_P","6500000","650000050220060013","2006-05-02","","01","영업/정상","0000","정상","","","","","","0","","제주특별자치도 제주시 한경면 두모리 2442번지 1호","제주특별자치도 제주시 한경면 두모9길 2-32","63002","펌-리서치(주)","2026-02-03 14:48:51","U","2026-02-06 02:40:00","사료제조업(보조)","143653.573762268","-4670.09352761002","사료제조업","","0","000","0",
"33","사료제조업","02_04_05_P","6500000","650000050220230015","2023-06-19","","01","영업/정상","0000","정상","","","","","","0","","제주특별자치도 제주시 한림읍 옹포리 880번지 0호","제주특별자치도 제주시 한림읍 일주서로 5166","","도르멍멍","2026-02-04 14:10:37","U","2026-02-06 02:40:00","사료제조업(단미)","130850.333417049","-11138.2714060854","사료제조업","","0","000","0",
"34","사료제조업","02_04_05_P","6500000","650000050220190024","2019-12-13","","01","영업/정상","0000","정상","","","","","","0","","제주특별자치도 제주시 아라일동  362번지 80호 6호","제주특별자치도 제주시 산천단동3길 26, 6호 (아라일동)","","가치함께주식회사","2026-02-04 14:33:45","U","2026-02-06 02:40:00","사료제조업(단미)","158933.749957852","-5035.78231343531","사료제조업","","0","000","0",
"35","사료제조업","02_04_05_P","6430000","643000050220220009","2022-02-11","","01","영업/정상","0000","정상","","","","","","0","","충청북도 충주시 호암동  220번지 4호 1층,3호","충청북도 충주시 원호암4길 20, 1층 3호 (호암동)","27483","마리스","2026-02-03 15:16:00","U","2026-02-06 02:40:00","사료제조업(단미)","273696.789660905","387522.123227101","사료제조업","","0","000","0",
"36","사료제조업","02_04_05_P","3070000","307000003420220001","2022-02-24","","03","폐업","0002","폐업","2026-02-03","","","","","0","","서울특별시 성북구 상월곡동 28-98","서울특별시 성북구 장월로 18-1, 1층 우측호 (상월곡동)","02773","우프밀(woofmeal)","2026-02-03 14:52:04","U","2026-02-06 02:40:00","단미","204123.324949571","456148.878963272","사료제조업","단미","0","000","0",
"37","사료제조업","02_04_05_P","6500000","650000050220200007","2020-03-02","","01","영업/정상","0000","정상","","","","","","0","","제주특별자치도 제주시 아라일동  362번지 80호 6호","제주특별자치도 제주시 산천단동3길 26, 6호 (아라일동)","","가치함께주식회사","2026-02-04 14:31:55","U","2026-02-06 02:40:00","사료제조업(단미)","158933.749957852","-5035.78231343531","사료제조업","","0","000","0",
"38","사료제조업","02_04_05_P","6280000","628000050220260003","2026-01-13","","01","영업/정상","0000","정상","","","","","","","","인천광역시 중구 운남동  1600번지 6호 211호","인천광역시 중구 흰바위로 248, 2층 211호 (운남동)","","코히","2026-02-04 12:47:31","U","2026-02-06 02:40:00","사료제조업(단미)","","","사료제조업","","0","000","0",
"39","사료제조업","02_04_05_P","5530000","553000003420160008","2016-08-09","","01","영업/정상","0000","정상","","","","","031-227-0136","0","","경기도 화성시 병점구 안녕동  178-212","경기도 화성시 병점구 안녕남로 74-5 (안녕동)","18363","(주)라이코스펫","2026-02-03 17:52:11","U","2026-02-06 02:40:00","수입","199182.465185482","410568.151386883","사료제조업","수입","0","L00","0",
"40","사료제조업","02_04_05_P","6430000","643000050220210092","2021-11-03","","01","영업/정상","0000","정상","","","","","","0","","충청북도 충주시 호암동  220번지 4호 1층,3호","충청북도 충주시 원호암4길 20, 1층 3호 (호암동)","27483","마리스","2026-02-03 15:15:50","U","2026-02-06 02:40:00","사료제조업(단미)","273696.789660905","387522.123227101","사료제조업","","0","000","0",
"41","사료제조업","02_04_05_P","3930000","393000003420180003","2018-08-23","","01","영업/정상","0000","정상","","","","","","0","","경기도 안산시 단원구 초지동 742-2 키즈타워2","경기도 안산시 단원구 원포공원1로 64, 키즈타워2 (초지동)","15455","더펫플레이스","2026-02-04 17:31:16","U","2026-02-06 02:40:00","단미","183165.555491372","422378.87289029","사료제조업","단미","0","000","0",
"42","사료제조업","02_04_05_P","6470000","647000050220210060","2021-07-30","","03","폐업","0002","폐업","2026-02-04","","","","","","","경상북도 구미시 형곡동  184번지 5호 1층호","경상북도 구미시 형곡로39길 6-14, 1층(형곡동)","","몽냥이럽","2026-02-04 10:28:24","U","2026-02-06 02:40:00","사료제조업(단미)","320688.118252445","290690.713598378","사료제조업","","0","000","0",
"43","사료제조업","02_04_05_P","4090000","409000003420210011","2021-07-28","","01","영업/정상","0000","정상","","","","","","0","","경기도 김포시 풍무동 341-7","경기도 김포시 유현1로 181-4(풍무동)","10113","(주)준펫코리아","2026-02-03 11:20:48","U","2026-02-06 02:40:00","수입","176750.761479665","455991.701575967","사료제조업","수입","0","L00","0",
"44","사료제조업","02_04_05_P","6430000","643000050220250037","2025-05-29","","01","영업/정상","0000","정상","","","","","","0","","충청북도 충주시 직동  420번지 3호","충청북도 충주시 고든골길 62-1 (직동)","","병풀채움","2026-02-03 15:16:25","U","2026-02-06 02:40:00","사료제조업(단미)","285159.863705671","382942.315409222","사료제조업","","0","000","0",
"45","사료제조업","02_04_05_P","3940000","394000003420250009","2025-06-19","","03","폐업","0002","폐업","2026-01-29","","","","","0","","경기도 고양시 일산동구 정발산동 1275-7","경기도 고양시 일산동구 산두로145번길 43-2, 1층 (정발산동)","10406","우디랜드","2026-02-03 11:09:00","U","2026-02-06 02:40:00","단미","180876.821012053","463013.425876839","사료제조업","단미","0","000","0",
"46","사료제조업","02_04_05_P","6290000","629000050220190017","2019-12-16","","01","영업/정상","0000","정상","","","","","0613337913","","","광주광역시 광산구 하산동  103번지 0호","광주광역시 광산구 동곡로185번길 50-3(하산동)","","태수아쿠아","2026-02-03 09:33:54","U","2026-02-06 02:40:00","사료제조업(수입)","179011.044535199","177816.863457812","사료제조업","","0","000","0",
"47","사료제조업","02_04_05_P","6430000","643000050220200090","2020-12-15","","01","영업/정상","0000","정상","","","","","","0","","충청북도 충주시 호암동  220번지 4호 1층,3호","충청북도 충주시 원호암4길 20, 1층 3호 (호암동)","27483","마리스","2026-02-03 15:16:09","U","2026-02-06 02:40:00","사료제조업(단미)","273696.789660905","387522.123227101","사료제조업","","0","000","0",
"48","사료제조업","02_04_05_P","6500000","650000050220200012","2020-06-01","","01","영업/정상","0000","정상","","","","","","","","제주특별자치도 제주시 노형동  1063번지 1호","제주특별자치도 제주시 정존15길 33, 3층 (노형동)","","제주에말하다 제이엔에스","2026-02-04 15:01:47","U","2026-02-06 02:40:00","사료제조업(단미)","151274.578967881","-862.528383538869","사료제조업","","0","000","0",
"49","사료제조업","02_04_05_P","4800000","480000003420230003","2023-10-13","","03","폐업","0002","폐업","2026-02-03","","","","","0","","전라남도 목포시 연산동 1944 목포용해2지구모아엘가 에듀파크 상가동 102호","전라남도 목포시 연산백련로1번길 69, 102호 (연산동, 목포용해2지구모아엘가 에듀파크)","58763","멍데이","2026-02-03 15:37:39","U","2026-02-06 02:40:00","단미","143955.814674852","146613.695618022","사료제조업","단미","0","000","0",
"50","사료제조업","02_04_05_P","3940000","394000003420240026","2024-11-19","","03","폐업","0002","폐업","2026-01-27","","","","","0","","경기도 고양시 일산동구 장항동 869 엠시티타워&amp;엠시티오피스텔 1190호","경기도 고양시 일산동구 백마로 195, 엠시티타워&amp;엠시티오피스텔 1층 1190호 (장항동)","10403","리포포","2026-02-03 11:10:37","U","2026-02-06 02:40:00","단미","179708.826286267","461404.803949418","사료제조업","단미","0","000","0",
"51","사료제조업","02_04_05_P","3740000","374000003420240020","2024-12-11","","01","영업/정상","0000","정상","","","","","","0","","경기도 수원시 영통구 이의동 1248-3","경기도 수원시 영통구 대학4로 17, 618-2호 (이의동)","16226","씨웨스트(주)","2026-02-04 19:39:54","U","2026-02-06 02:40:00","수입","204053.159882023","422057.64974689","사료제조업","수입","0","000","0",
"52","사료제조업","02_04_05_P","6440000","644000050220260020","2026-02-05","","01","영업/정상","0000","정상","","","","","0419567207","","","충청남도 서천군 장항읍 원수리 450번지 15호 남전물산","충청남도 서천군 장항읍 장항공단길 71, 남전물산","33677","주식회사 남전물산","2026-02-05 10:53:34","I","2026-02-07 00:20:02","사료제조업(수입)","174487.409802631","278924.176873414","사료제조업","","0","000","0",
"53","사료제조업","02_04_05_P","6440000","644000050220260021","2026-02-05","","01","영업/정상","0000","정상","","","","","","","","충청남도 아산시 실옥동  345번지 127호","충청남도 아산시 실옥로 174 (실옥동)","31501","(주)경보제약","2026-02-05 14:53:30","I","2026-02-07 00:20:02","사료제조업(수입)","198347.641465429","366050.624958744","사료제조업","","0","000","0",
"54","사료제조업","02_04_05_P","6260000","626000050220020001","2002-05-24","","01","영업/정상","0000","정상","","","","","0516061930","0","","부산광역시 남구 문현동  1104번지 4호 외4필지","부산광역시 남구 우암로 337 (문현동,외4필지)","","(주)농협사료 부산바이오","2026-02-05 09:32:29","U","2026-02-07 02:40:00","사료제조업(배합)","388298.58931617","183380.156210665","사료제조업","","0","000","0",
"55","사료제조업","02_04_05_P","6440000","644000050220150064","2015-12-16","","01","영업/정상","0000","정상","","","","","0419404762","0","","충청남도 청양군 청양읍 정좌리 455번지 0호 농업기술센터","충청남도 청양군 청양읍 구봉로 1026-84, 농업기술센터","33305","청양군농업기술센터","2026-02-05 14:15:30","U","2026-02-07 02:40:00","사료제조업(보조)","180143.99454336","324727.261294491","사료제조업","","0","000","0",
"56","사료제조업","02_04_05_P","6440000","644000050219890001","1989-04-01","","01","영업/정상","0000","정상","","","","","07074952311","0","","195번지","충청남도 천안시 서북구 성거읍 봉주로 170","","(주)이지팜스","2026-02-05 14:52:51","U","2026-02-07 02:40:00","사료제조업(배합)","214612.956615782","375115.291676428","사료제조업","","0","000","0",
"57","사료제조업","02_04_05_P","6500000","650000050220180012","2018-06-01","","01","영업/정상","0000","정상","","","","","","0","","제주특별자치도 서귀포시 성산읍 성산리 392번지 0호 제주성산리치유클래시아 88호","제주특별자치도 서귀포시 성산읍 성산등용로17번길 55, 88호(제주 성산 리치유 클래시아)","","제주개과점","2026-02-05 10:42:31","U","2026-02-07 02:40:00","사료제조업(단미)","193384.598580155","-3986.97818677743","사료제조업","","0","000","0",
"58","사료제조업","02_04_05_P","6500000","650000050220180013","2018-06-01","","01","영업/정상","0000","정상","","","","","","0","","제주특별자치도 서귀포시 성산읍 성산리 392번지 0호 제주성산리치유클래시아 88호","제주특별자치도 서귀포시 성산읍 성산등용로17번길 55, 88호(제주 성산 리치유 클래시아)","","제주개과점","2026-02-05 10:43:01","U","2026-02-07 02:40:00","사료제조업(단미)","193384.598580155","-3986.97818677743","사료제조업","","0","000","0",
"59","사료제조업","02_04_05_P","6500000","650000050220210031","2021-12-21","","03","폐업","0002","폐업","2026-02-05","","","","","","","제주특별자치도 제주시 노형동  2924번지 1호","제주특별자치도 제주시 월광로 34(노형동)","","펫츠베이 제주노형점","2026-02-05 17:26:20","U","2026-02-07 02:40:00","사료제조업(단미)","150204.050706382","-1221.26865725921","사료제조업","","0","000","0",
"60","사료제조업","02_04_05_P","6500000","650000050220210032","2021-12-21","","03","폐업","0002","폐업","2026-02-05","","","","0647131515","","","제주특별자치도 제주시 노형동  2924번지 1호","제주특별자치도 제주시 월광로 34(노형동)","","펫츠베이 제주노형점","2026-02-05 17:26:30","U","2026-02-07 02:40:00","사료제조업(단미)","150204.050706382","-1221.26865725921","사료제조업","","0","000","0",
"61","사료제조업","02_04_05_P","5530000","553000003420230029","2023-10-25","","01","영업/정상","0000","정상","","","","","","0","","경기도 화성시 만세구 송산면 마산리 393-17 2~3동","경기도 화성시 만세구 송산면 송산포도로 665-3, 2~3동","18545","(주)피드원","2026-02-05 17:27:27","U","2026-02-07 02:40:00","단미","171823.750444416","414665.4028944","사료제조업","단미","0","L00","0",
"62","사료제조업","02_04_05_P","6500000","650000050220210022","2021-09-13","","03","폐업","0002","폐업","2026-02-05","","","","","0","","제주특별자치도 제주시 노형동  742번지 6호","제주특별자치도 제주시 정원로 43-1, 1층 (노형동)","","몽냥몽냥","2026-02-05 17:26:09","U","2026-02-07 02:40:00","사료제조업(단미)","151394.643899553","-1917.36249761958","사료제조업","","0","000","0",
"63","사료제조업","02_04_05_P","3940000","394000003420220036","2022-11-17","","01","영업/정상","0000","정상","","","","","031-932-8038","0","","경기도 고양시 일산동구 장항동 771-1 우림로데오스위트 1207호","경기도 고양시 일산동구 중앙로1275번길 38-10, 우림로데오스위트 1207호 (장항동)","10401","(주)굿팜","2026-02-05 15:18:30","U","2026-02-07 02:40:00","수입","179718.471062692","461975.053805917","사료제조업","수입","0","L00","0",
"64","사료제조업","02_04_05_P","4090000","409000003420210006","2021-05-31","","01","영업/정상","0000","정상","","","","","","0","","경기도 김포시 통진읍 고정리 29","경기도 김포시 통진읍 고정1로82번길 30-39","10009","주식회사 올데이올가닉","2026-02-05 13:33:26","U","2026-02-07 02:40:00","단미","164673.940418789","468595.114866949","사료제조업","단미","0","L00","0",
"65","사료제조업","02_04_05_P","5590000","559000003420150007","2015-08-28","","02","휴업","0001","휴업","","2026-01-30","2027-01-29","","031-876-8550","0","","경기도 양주시 백석읍 연곡리 150-13","경기도 양주시 백석읍 월암로 184","11502","율석휘드","2026-02-03 15:53:18","U","2026-02-07 02:40:00","단미","196168.047148015","478646.837258971","사료제조업","단미","0","L00","0",
"66","사료제조업","02_04_05_P","6260000","626000050220220032","2022-06-24","","03","폐업","0002","폐업","2026-02-05","","","","0513220522","","","부산광역시 사상구 주례동  837번지 4호","부산광역시 사상구 사상로38번길 3, 1층(주례동)","","럭투밋(Lucky to meet U)","2026-02-05 17:01:55","U","2026-02-07 02:40:00","사료제조업(단미)","381823.797336064","185520.046930283","사료제조업","","0","000","0",
"67","사료제조업","02_04_05_P","6110000","611000050220260005","2026-02-06","","01","영업/정상","0000","정상","","","","","0263391800","","","서울특별시 강남구 삼성동  170번지 7호 SOLIDCORPORATION","서울특별시 강남구 테헤란로107길 6, SOLIDCORPORATION 2층 (삼성동)","06173","주식회사 핏펫(Fitpet)","2026-02-06 16:38:25","I","2026-02-08 00:20:01","사료제조업(배합)","205732.722545794","445340.688938637","사료제조업","","0","000","0",
"68","사료제조업","02_04_05_P","3060000","306000003420190001","2019-09-25","","01","영업/정상","0000","정상","","","","","","0","","서울특별시 중랑구 상봉동 202-1","서울특별시 중랑구 상봉중앙로1길 12 (상봉동)","02091","엉아네","2026-02-06 13:57:28","U","2026-02-08 02:40:00","단미","207651.411967557","455258.02607452","사료제조업","단미","0","000","0",
"69","사료제조업","02_04_05_P","6480000","648000050220240023","2024-07-05","","01","영업/정상","0000","정상","","","","","","","","경상남도 함양군 수동면 우명리 82번지 1호","경상남도 함양군 수동면 산업단지길 184","50017","㈜유원","2026-02-06 16:05:24","U","2026-02-08 02:40:00","사료제조업(수입)","","","사료제조업","","0","000","0",
"70","사료제조업","02_04_05_P","3820000","382000003420230010","2023-10-10","","01","영업/정상","0000","정상","","","","","","0","","경기도 의정부시 의정부동 207-1 창성빌딩 101호","경기도 의정부시 호국로 1276, 창성빌딩 101호 (의정부동)","11691","멍개식당","2026-02-06 15:10:23","U","2026-02-08 02:40:00","단미","203968.266788079","471203.548643704","사료제조업","단미","0","000","0",
"71","사료제조업","02_04_05_P","6430000","643000050220190053","2019-10-07","","01","영업/정상","0000","정상","","","","","0438502000","0","","충청북도 충주시 동량면 대전리 2001번지 1호 친환경미생물배양센터","충청북도 충주시 동량면 충원대로 1346, 친환경미생물배양센터","27442","충주시농업기술센터","2026-02-07 00:04:27","U","2026-02-09 02:40:00","사료제조업(보조)","","","사료제조업","","0","000","0",
"72","사료제조업","02_04_05_P","3180000","318000003420230001","2023-06-20","","03","폐업","0002","폐업","2026-02-05","","","","","0","","서울특별시 영등포구 신길동 159-7","서울특별시 영등포구 도신로54길 3, 1층 (신길동)","07348","벌스데이레오","2026-02-08 10:35:31","U","2026-02-10 02:40:00","단미","192398.956017235","445454.269808818","사료제조업","단미","0","000","0",
"73","사료제조업","02_04_05_P","4950000","495000003420260001","2021-01-27","","01","영업/정상","0000","정상","","","","","061-452-9989","0","","전라남도 무안군 청계면 송현리 642","전라남도 무안군 청계면 청계공단1길 86","58543","목포무안신안축협 TMF 사료공장","2026-02-09 14:20:36","I","2026-02-11 00:20:41","배합","148264.561924786","160314.556030915","사료제조업","배합","0","000","0",
"74","사료제조업","02_04_05_P","4950000","495000003420150002","2015-12-02","","01","영업/정상","0000","정상","","","","","0614529989","0","","전라남도 무안군 청계면 청수리 559-2","전라남도 무안군 청계면 청계공단길 77","58544","목포무안신안축협 축산자원센터","2026-02-09 13:45:48","U","2026-02-11 02:40:00","배합","148369.610848158","160779.471021584","사료제조업","배합","0","000","0",
"75","사료제조업","02_04_05_P","5530000","553000003420170010","2017-06-20","","01","영업/정상","0000","정상","","","","","","0","","","경기도 화성시 만세구 남양읍 한가울길 10","18260","테크농산","2026-02-09 10:27:31","U","2026-02-11 02:40:00","단미","","","사료제조업","단미","0","000","0",
"76","사료제조업","02_04_05_P","5530000","553000003420170011","2017-06-28","","03","폐업","0002","폐업","2021-11-09","","","","031-8059-6847","0","","","경기도 화성시 만세구 팔탄면 시청로940번길 23","18529","주식회사 디에스바이오","2026-02-09 10:27:31","U","2026-02-11 02:40:00","보조","","","사료제조업","보조","0","L00","0",
"77","사료제조업","02_04_05_P","5530000","553000003420170012","2017-07-07","","03","폐업","0002","폐업","2018-10-19","","","","","0","","","경기도 화성시 만세구 향남읍 행정서로1길 27-18, 101호","18598","개엄마식탁","2026-02-09 10:27:31","U","2026-02-11 02:40:00","단미","","","사료제조업","단미","0","000","0",
"78","사료제조업","02_04_05_P","5530000","553000003420170013","2017-07-11","","01","영업/정상","0000","정상","","","","","","0","","","경기도 화성시 만세구 장안면 3.1만세로 571","18581","엠제이바이오 주식회사","2026-02-09 10:27:31","U","2026-02-11 02:40:00","단미","","","사료제조업","단미","0","L00","0",
"79","사료제조업","02_04_05_P","5530000","553000003420170014","2017-08-10","","01","영업/정상","0000","정상","","","","","070-7123-1080","0","","","경기도 화성시 만세구 장안면 수정로 215-21","18581","(주)웅자디앤씨","2026-02-09 10:27:31","U","2026-02-11 02:40:00","수입","","","사료제조업","수입","0","L00","0",
"80","사료제조업","02_04_05_P","5530000","553000003420170015","2017-08-30","","03","폐업","0002","폐업","2018-09-06","","","","031-351-1249","0","","","경기도 화성시 만세구 우정읍 한뿌리1길 128-52","18561","주식회사 아티산피드컴퍼니","2026-02-09 10:27:31","U","2026-02-11 02:40:00","보조","","","사료제조업","보조","0","L00","0",
"81","사료제조업","02_04_05_P","5530000","553000003420110007","2011-12-02","","03","폐업","0002","폐업","","","","","070-7567-1788","0","","","경기도 화성시 효행구 봉담읍 와우로 81-3, 303호 (삼성타운)","18321","주식회사 에스엔엘","2026-02-09 10:27:31","U","2026-02-11 02:40:00","수입","","","사료제조업","수입","0","L00","0",
"82","사료제조업","02_04_05_P","5530000","553000003420170008","2017-04-27","","01","영업/정상","0000","정상","","","","","","","","","경기도 화성시 병점구 병점중앙로242번길 9, 102호 (진안동, 에쿠스빌)","18389","피앤비동물약품","2026-02-09 10:27:30","U","2026-02-11 02:40:00","수입","","","사료제조업","수입","0","000","0",
"83","사료제조업","02_04_05_P","5530000","553000003420170009","2017-05-30","","03","폐업","0002","폐업","2021-05-26","","","","","0","","","경기도 화성시 만세구 향남읍 한두골안길 63","18589","주식회사 네츄럴프로","2026-02-09 10:27:30","U","2026-02-11 02:40:00","단미","","","사료제조업","단미","0","L00","0",
"84","사료제조업","02_04_05_P","5530000","553000003420040006","2004-11-24","","01","영업/정상","0000","정상","","","","","031-355-0022","0","","","경기도 화성시 만세구 마도면 송정로264번길 32 ((주)두솔사료)","18540","주식회사 두솔","2026-02-09 10:27:31","U","2026-02-11 02:40:00","단미","","","사료제조업","단미","0","000","0",
"85","사료제조업","02_04_05_P","5530000","553000003420180001","2018-01-08","","01","영업/정상","0000","정상","","","","","031-376-2456","0","","경기도 화성시 동탄면 송리 681-244","경기도 화성시 동탄구 동탄면 동탄대로9길 76","18488","화성동탄2 크린에너지센터","2026-02-09 10:27:31","U","2026-02-11 02:40:00","단미","","","사료제조업","단미","0","O00","0",
"86","사료제조업","02_04_05_P","5530000","553000003420140002","2014-05-20","","01","영업/정상","0000","정상","","","","","1577-7454","0","","경기도 화성시 만세구 팔탄면 하저리 931-2","경기도 화성시 만세구 팔탄면 무하로156번길 10","18536","(주)황샘바이오","2026-02-09 15:32:13","U","2026-02-11 02:40:00","단미","187477.462398445","409134.394783152","사료제조업","단미","0","L00","0",
"87","사료제조업","02_04_05_P","5530000","553000003420150012","2015-12-28","","01","영업/정상","0000","정상","","","","","031-355-0970","","","","경기도 화성시 만세구 남양읍 남양시장로66번길 9-6, 3층","18261","아이 인터내셔널","2026-02-09 10:27:30","U","2026-02-11 02:40:00","수입","","","사료제조업","수입","0","000","0",
"88","사료제조업","02_04_05_P","5530000","553000003420160001","2016-02-23","","01","영업/정상","0000","정상","","","","","","0","","","경기도 화성시 만세구 장안면 포승장안로1120번길 44","18583","(주)경동농산","2026-02-09 10:27:30","U","2026-02-11 02:40:00","단미","","","사료제조업","단미","0","000","0",
"89","사료제조업","02_04_05_P","5530000","553000003420160002","2016-04-11","","03","폐업","0002","폐업","2024-12-05","","","","031-8047-0200","0","","","경기도 화성시 만세구 팔탄면 제암고주로 134-18","18534","서도비엔아이","2026-02-09 10:27:30","U","2026-02-11 02:40:00","보조","","","사료제조업","보조","0","000","0",
"90","사료제조업","02_04_05_P","5530000","553000003420160003","2016-05-04","","01","영업/정상","0000","정상","","","","","031-793-9553","0","","","경기도 화성시 만세구 향남읍 발안로 331-13","18589","주식회사 펫더맨","2026-02-09 10:27:30","U","2026-02-11 02:40:00","수입","","","사료제조업","수입","0","L00","0",
"91","사료제조업","02_04_05_P","5530000","553000003420160004","2016-05-19","","01","영업/정상","0000","정상","","","","","","0","","","경기도 화성시 만세구 양감면 은행나무로 371-2","18631","에이스파마텍","2026-02-09 10:27:30","U","2026-02-11 02:40:00","수입","","","사료제조업","수입","0","000","0",
"92","사료제조업","02_04_05_P","5530000","553000003420160005","2016-06-01","","01","영업/정상","0000","정상","","","","","","0","","","경기도 화성시 병점구 안녕남로 74-5 (안녕동)","18363","(주)골드오션","2026-02-09 10:27:30","U","2026-02-11 02:40:00","단미","199182.465185482","410568.151386883","사료제조업","단미","0","L00","0",
"93","사료제조업","02_04_05_P","5530000","553000003420160007","2016-06-23","","01","영업/정상","0000","정상","","","","","","","","","경기도 화성시 병점구 한신대길 67, 101동 802호 (안녕동, 태안성호2차아파트)","18366","골드리치","2026-02-09 10:27:30","U","2026-02-11 02:40:00","수입","","","사료제조업","수입","0","000","0",
"94","사료제조업","02_04_05_P","5530000","553000003420160009","2016-10-04","","01","영업/정상","0000","정상","","","","","031-354-8069","0","","","경기도 화성시 만세구 팔탄면 신양3길 37-9","18533","(주)펫푸드주오","2026-02-09 10:27:30","U","2026-02-11 02:40:00","단미","","","사료제조업","단미","0","L00","0",
"95","사료제조업","02_04_05_P","5530000","553000003420160010","2016-12-21","","01","영업/정상","0000","정상","","","","","031-355-9531","0","","","경기도 화성시 만세구 장안면 황골길 118","18581","(주)피에스코리아","2026-02-09 10:27:30","U","2026-02-11 02:40:00","수입","","","사료제조업","수입","0","L00","0",
"96","사료제조업","02_04_05_P","5530000","553000003420170001","2017-01-12","","03","폐업","0002","폐업","2017-06-20","","","","031-353-8892","","","","경기도 화성시 효행구 정남면 시청로1610번길 15-7","18521","네추럴프로","2026-02-09 10:27:30","U","2026-02-11 02:40:00","수입","","","사료제조업","수입","0","000","0",
"97","사료제조업","02_04_05_P","5530000","553000003420170002","2017-02-10","","03","폐업","0002","폐업","2023-05-30","","","","031-352-5851","0","","","경기도 화성시 만세구 팔탄면 월문길 30-7","18577","(주)그린모아","2026-02-09 10:27:30","U","2026-02-11 02:40:00","수입","","","사료제조업","수입","0","L00","0",
"98","사료제조업","02_04_05_P","5530000","553000003420150008","2015-09-08","","02","휴업","0001","휴업","","","","","032-437-2221","0","","","경기도 화성시 만세구 남양읍 고향의봄길 156","18277","(주)씨엔에이","2026-02-09 10:27:30","U","2026-02-11 02:40:00","수입","","","사료제조업","수입","0","000","0",
"99","사료제조업","02_04_05_P","5530000","553000003420170005","2017-03-09","","03","폐업","0002","폐업","2023-02-22","","","","","0","","","경기도 화성시 효행구 봉담읍 덕머루동길 11-4","18336","주식회사 다연","2026-02-09 10:27:30","U","2026-02-11 02:40:00","수입","","","사료제조업","수입","0","L00","0",
"100","사료제조업","02_04_05_P","5530000","553000003420170006","2017-03-23","","03","폐업","0002","폐업","2021-03-09","","","","031-354-3598","0","","","경기도 화성시 만세구 양감면 독줄길 178-5","18632","(주)건영이앤씨","2026-02-09 10:27:30","U","2026-02-11 02:40:00","보조","","","사료제조업","보조","0","L00","0",
"101","사료제조업","02_04_05_P","5530000","553000003420170007","2017-04-12","","03","폐업","0002","폐업","2023-05-26","","","","031-613-6853","0","","","경기도 화성시 동탄구 동탄반석로 160, A동 1907호 (반송동, 동탄 지웰 에스테이트)","18454","웰니스","2026-02-09 10:27:30","U","2026-02-11 02:40:00","수입","","","사료제조업","수입","0","000","0",
"102","사료제조업","02_04_05_P","5530000","553000003420150011","2015-12-16","","03","폐업","0002","폐업","2019-06-27","","","","031-352-9387","0","","","경기도 화성시 만세구 팔탄면 3.1만세로798번길 26-6","18582","주식회사 펫컴","2026-02-09 10:27:30","U","2026-02-11 02:40:00","수입","","","사료제조업","수입","0","L00","0",
"103","사료제조업","02_04_05_P","6280000","628000050220220060","2022-11-21","","03","폐업","0002","폐업","2026-02-09","","","","0325113515","0","","인천광역시 부평구 청천동  404번지 21호","인천광역시 부평구 청천마차로 206, 3층 (청천동)","","투도그","2026-02-09 19:21:49","U","2026-02-11 02:40:00","사료제조업(단미)","174663.21501348","446824.394950827","사료제조업","","0","000","0",
"104","사료제조업","02_04_05_P","4090000","409000003420210004","2021-03-22","","03","폐업","0002","폐업","2026-02-06","","","","","0","","경기도 김포시 운양동 1307-4","경기도 김포시 김포한강1로 254 (운양동)","10078","개이크(Gake)","2026-02-09 09:17:37","U","2026-02-11 02:40:00","단미","172209.55105993","461244.972338448","사료제조업","단미","0","000","0",
"105","사료제조업","02_04_05_P","6440000","644000050220260022","2026-02-10","","01","영업/정상","0000","정상","","","","","0415857016","","","충청남도 천안시 서북구 직산읍 군서리 93번지 35호","충청남도 천안시 서북구 직산읍 군수1길 274","31032","(주)씨에스 바이오","2026-02-10 09:43:24","I","2026-02-12 00:20:02","사료제조업(수입)","214545.379407708","377477.182758178","사료제조업","","0","000","0",
"106","사료제조업","02_04_05_P","6480000","648000050220260005","2026-02-10","","01","영업/정상","0000","정상","","","","","","","","경상남도 양산시 물금읍 가촌리 1269번지 11호 센텀시티프라자 116호","경상남도 양산시 물금읍 백호로 64, 센텀시티프라자 116호","50613","깨비네밥상","2026-02-10 16:47:52","I","2026-02-12 00:20:02","사료제조업(단미)","381952.405319343","203932.714975207","사료제조업","","0","000","0",
"107","사료제조업","02_04_05_P","3930000","393000003420260001","2026-02-10","","01","영업/정상","0000","정상","","","","","02-852-7779","0","","경기도 안산시 단원구 원시동 770-3 신안산비즈스타복합지식산업센터","경기도 안산시 단원구 산단로 232, 신안산비즈스타복합지식산업센터 401, 414호 (원시동)","15433","주식회사 메디에코텍","2026-02-10 16:28:49","I","2026-02-12 00:20:02","보조","181355.692340689","423815.131111617","사료제조업","보조","0","L00","0",
"108","사료제조업","02_04_05_P","6110000","611000050220260007","2026-02-10","","01","영업/정상","0000","정상","","","","","","","","서울특별시 강남구 삼성동  130번지 8호","서울특별시 강남구 봉은사로68길 75, 5층 (삼성동)","06157","(주)리본에이전시","2026-02-10 14:21:45","I","2026-02-12 00:20:02","사료제조업(수입)","204679.559296252","445073.952962924","사료제조업","","0","000","0",
"109","사료제조업","02_04_05_P","6110000","611000050220260008","2026-02-10","","01","영업/정상","0000","정상","","","","","","","","서울특별시 성동구 성수동1가  13번지 207호 서울숲AK밸리지식산업센터 401호","서울특별시 성동구 성수일로 99, 서울숲AK밸리지식산업센터 401호 (성수동1가)","04790","주식회사 유와이홀딩스","2026-02-10 14:24:36","I","2026-02-12 00:20:02","사료제조업(수입)","204455.375283853","449681.958957821","사료제조업","","0","000","0",
"110","사료제조업","02_04_05_P","6480000","648000050220260004","2026-02-10","","01","영업/정상","0000","정상","","","","","","","","경상남도 양산시 물금읍 가촌리 1269번지 11호 센텀시티프라자 116호","경상남도 양산시 물금읍 백호로 64, 센텀시티프라자 116호","50613","깨비네밥상","2026-02-10 16:47:25","I","2026-02-12 00:20:02","사료제조업(단미)","381952.405319343","203932.714975207","사료제조업","","0","000","0",
"111","사료제조업","02_04_05_P","6540000","654000050220260003","2026-02-10","","01","영업/정상","0000","정상","","","","","","","","전북특별자치도 임실군 신평면 대리 1243번지 1호 임실군농업미생물배양센터 1동","전북특별자치도 임실군 신평면 대리로 154-5, 임실군농업미생물배양센터 1층","55913","임실군 농업미생물배양센터","2026-02-10 09:27:50","I","2026-02-12 00:20:02","사료제조업(보조)","224156.116343974","239731.536901109","사료제조업","","0","000","0",
"112","사료제조업","02_04_05_P","6110000","611000050220260006","2026-02-10","","01","영업/정상","0000","정상","","","","","","","","서울특별시 은평구 수색동  154번지 2호","서울특별시 은평구 수색로 242, 3층 (수색동)","03502","에스세이지 주식회사","2026-02-10 14:18:49","I","2026-02-12 00:20:02","사료제조업(수입)","190846.825135398","453246.597175201","사료제조업","","0","000","0",
"113","사료제조업","02_04_05_P","6270000","627000050220060002","2006-07-26","","01","영업/정상","0000","정상","","","","","0536161478","0","","대구광역시 달성군 구지면 평촌리 93번지","대구광역시 달성군 구지면 구지동로 101","","달성섬유질배합사료영농조합법인","2026-02-10 10:10:58","U","2026-02-12 02:40:00","사료제조업(배합)","330557.850723014","239622.465759964","사료제조업","","0","000","0",
"114","사료제조업","02_04_05_P","6270000","627000050220090001","2009-01-23","","01","영업/정상","0000","정상","","","","","","","","대구광역시 달서구 갈산동  400번지 33호","대구광역시 달서구 성서서로 211 (갈산동)","","고려산업(주)대구배합사료공장","2026-02-10 10:10:38","U","2026-02-12 02:40:00","사료제조업(배합)","335371.290684169","261402.002742765","사료제조업","","0","000","0",
"115","사료제조업","02_04_05_P","6270000","627000050220100002","2010-06-29","","01","영업/정상","0000","정상","","","","","","","","대구광역시 북구 학정동  704번지 905호","","","엠에스엠코리아","2026-02-10 10:23:34","U","2026-02-12 02:40:00","사료제조업(수입)","","","사료제조업","","0","000","0",
"116","사료제조업","02_04_05_P","6270000","627000050220180015","2018-09-12","","03","폐업","0002","폐업","2026-02-10","","","","","","","대구광역시 북구 관음동  1268번지 0호","대구광역시 북구 관음중앙로21길 3, 1층 (관음동)","","간식파는남자","2026-02-10 10:58:24","U","2026-02-12 02:40:00","사료제조업(단미)","339305.454366074","272538.738653967","사료제조업","","0","000","0",
"117","사료제조업","02_04_05_P","6480000","648000050219750003","1975-08-05","","01","영업/정상","0000","정상","","","","","0555801200","0","","경상남도 함안군 법수면 윤외리 1475번지 19호","경상남도 함안군 법수면 윤외공단길 118","","(주)농협사료 경남지사","2026-02-10 10:48:13","U","2026-02-12 02:40:00","사료제조업(배합)","324024.090370573","202804.932748109","사료제조업","","0","000","0",
"118","사료제조업","02_04_05_P","6270000","627000050220150006","2015-05-29","","01","영업/정상","0000","정상","","","","","","","","","대구광역시 달성군 화원읍 성암로2길 68","","(주)피드플러스","2026-02-10 10:20:13","U","2026-02-12 02:40:00","사료제조업(수입)","336456.686678107","256575.914290646","사료제조업","","0","000","0",
"119","사료제조업","02_04_05_P","6270000","627000050220150013","2015-09-30","","01","영업/정상","0000","정상","","","","","","","","대구광역시 달성군 옥포읍 교항리 2841번지 40호","대구광역시 달성군 옥포읍 비슬로420길 41","","신동아양봉산업","2026-02-10 10:18:17","U","2026-02-12 02:40:00","사료제조업(수입)","331305.956137512","254410.061101115","사료제조업","","0","000","0",
"120","사료제조업","02_04_05_P","6270000","627000050220160002","2016-01-25","","01","영업/정상","0000","정상","","","","","0536140468","","","","대구광역시 달성군 옥포면 비슬로420길 41","","신동아양봉산업","2026-02-10 10:19:34","U","2026-02-12 02:40:00","사료제조업(배합)","331305.956137512","254410.061101115","사료제조업","","0","000","0",
"121","사료제조업","02_04_05_P","6270000","627000050220160006","2016-07-21","","01","영업/정상","0000","정상","","","","","","","","","대구광역시 동구 팔공로 1 (불로동)","","(주)수야펫코리아","2026-02-10 11:05:26","U","2026-02-12 02:40:00","사료제조업(수입)","347517.233504845","267931.492288479","사료제조업","","0","000","0",
"122","사료제조업","02_04_05_P","6270000","627000050220160009","2016-09-27","","01","영업/정상","0000","정상","","","","","","","","","대구광역시 북구 칠곡중앙대로129길 7-8 (읍내동)","","행복하개","2026-02-10 10:07:18","U","2026-02-12 02:40:00","사료제조업(단미)","340015.821338179","273621.624081726","사료제조업","","0","000","0",
"123","사료제조업","02_04_05_P","6270000","627000050220170001","2017-01-02","","01","영업/정상","0000","정상","","","","","0535844100","","","대구광역시 달성군 현풍읍 중리 510번지 5호","대구광역시 달성군 현풍읍 테크노대로2길 25","","(주)황소농기계","2026-02-10 10:23:56","U","2026-02-12 02:40:00","사료제조업(수입)","331016.893469225","243936.060857258","사료제조업","","0","000","0",
"124","사료제조업","02_04_05_P","6270000","627000050220170003","2017-01-18","","01","영업/정상","0000","정상","","","","","","0","","대구광역시 수성구 수성동1가  38번지 24호","대구광역시 수성구 수성로 367-2, 4층 4-7호 (수성동1가)","","아이비 바이오","2026-02-10 10:20:58","U","2026-02-12 02:40:00","사료제조업(수입)","345686.210711009","263258.612680817","사료제조업","","0","000","0",
"125","사료제조업","02_04_05_P","6270000","627000050220170007","2017-05-30","","01","영업/정상","0000","정상","","","","","07077600809","","","대구광역시 달성군 논공읍 금포리 1103번지","대구광역시 달성군 논공읍 달성군청로4길 16-11","","굿펫","2026-02-10 10:05:01","U","2026-02-12 02:40:00","사료제조업(수입)","","","사료제조업","","0","000","0",
"126","사료제조업","02_04_05_P","6270000","627000050220180005","2018-04-10","","03","폐업","0002","폐업","2026-02-10","","","","","","","대구광역시 북구 관음동  1268번지 0호","대구광역시 북구 관음중앙로21길 3 (관음동)","","간식파는남자","2026-02-10 10:59:15","U","2026-02-12 02:40:00","사료제조업(단미)","339305.454366074","272538.738653967","사료제조업","","0","000","0",
"127","사료제조업","02_04_05_P","6270000","627000050220190003","2019-02-22","","01","영업/정상","0000","정상","","","","","","","","대구광역시 중구 남산동  940번지 10호","대구광역시 중구 문우관길 39-1 (남산동)","","수민무역 주식회사","2026-02-10 10:04:11","U","2026-02-12 02:40:00","사료제조업(수입)","343643.259410259","263889.607136971","사료제조업","","0","L00","0",
"128","사료제조업","02_04_05_P","6270000","627000050220190004","2019-02-22","","01","영업/정상","0000","정상","","","","","","","","대구광역시 중구 남산동  940번지 10호","대구광역시 중구 문우관길 39-1 (남산동)","","수민무역 주식회사","2026-02-10 10:04:31","U","2026-02-12 02:40:00","사료제조업(수입)","343643.259410259","263889.607136971","사료제조업","","0","L00","0",
"129","사료제조업","02_04_05_P","6270000","627000050220010004","2001-07-11","","01","영업/정상","0000","정상","","","","","","0","","대구광역시 군위군 부계면 창평리 233번지 2호","대구광역시 군위군 부계면 치산효령로 1069","","한국이엠산업(주)","2026-02-10 10:06:50","U","2026-02-12 02:40:00","사료제조업(보조)","352195.836403767","288757.045505715","사료제조업","","0","000","0",
"130","사료제조업","02_04_05_P","6270000","627000050220160028","2016-11-04","","01","영업/정상","0000","정상","","","","","0543822003","0","","대구광역시 군위군 부계면 창평리 232번지 2호","대구광역시 군위군 부계면 치산효령로 1079","","(주)세운","2026-02-10 10:09:36","U","2026-02-12 02:40:00","사료제조업(배합)","352181.160370588","288767.3784417","사료제조업","","0","000","0",
"131","사료제조업","02_04_05_P","6270000","627000050220190035","2019-05-03","","01","영업/정상","0000","정상","","","","","","","","대구광역시 군위군 군위읍 무성리 1212번지 37호","대구광역시 군위군 군위읍 무성2길 31-10","","(주)티피엘","2026-02-10 10:57:07","U","2026-02-12 02:40:00","사료제조업(보조)","340806.731874319","299524.056104778","사료제조업","","0","000","0",
"132","사료제조업","02_04_05_P","6270000","627000050220190040","2019-12-17","","01","영업/정상","0000","정상","","","","","","","","대구광역시 군위군 군위읍 대북리 744번지 0호","대구광역시 군위군 군위읍 대북길 18","","비해피양봉협동조합","2026-02-10 10:21:27","U","2026-02-12 02:40:00","사료제조업(수입)","339943.651495275","307107.439421393","사료제조업","","0","000","0",
"133","사료제조업","02_04_05_P","6270000","627000050220210085","2021-11-29","","01","영업/정상","0000","정상","","","","","","","","대구광역시 군위군 효령면 고곡리 1408번지 36호","대구광역시 군위군 효령면 용매로 1011-7","","오복누리 군위공장","2026-02-10 10:06:30","U","2026-02-12 02:40:00","사료제조업(보조)","342201.729732716","289966.269468533","사료제조업","","0","000","0",
"134","사료제조업","02_04_05_P","6270000","627000050220240003","2024-01-08","","01","영업/정상","0000","정상","","","","","0536560777","","","대구광역시 달서구 죽전동  257번지 11호","대구광역시 달서구 와룡로 217 (죽전동)","","주식회사 선일에프앤씨","2026-02-10 11:08:18","U","2026-02-12 02:40:00","사료제조업(수입)","338762.452794048","262435.6118184","사료제조업","","0","L00","0",
"135","사료제조업","02_04_05_P","5600000","560000003420170005","2017-07-05","","01","영업/정상","0000","정상","","","","","031-544-6073","0","","경기도 포천시 가산면 우금리 618-6","경기도 포천시 가산면 마금길 151","11166","농업회사법인 가농바이오(주)","2026-02-10 14:39:54","U","2026-02-12 02:40:00","수입","218355.901265877","481811.382671016","사료제조업","수입","0","000","0",
"136","사료제조업","02_04_05_P","6270000","627000050220190016","2019-07-29","","01","영업/정상","0000","정상","","","","","0537675762","","","대구광역시 달성군 화원읍 구라리 47번지 2호","대구광역시 달성군 화원읍 구라2길 1-12","","청초바이오","2026-02-10 10:24:23","U","2026-02-12 02:40:00","사료제조업(수입)","","","사료제조업","","0","000","0",
"137","사료제조업","02_04_05_P","6270000","627000050220190017","2019-07-29","","01","영업/정상","0000","정상","","","","","0536338855","","","대구광역시 달성군 화원읍 천내리 918번지 0호 화원이진캐스빌 106동 1505호","대구광역시 달성군 화원읍 비슬로 2545, 106동 1505호 (화원이진캐스빌)","","(주)피드플러스","2026-02-10 10:15:19","U","2026-02-12 02:40:00","사료제조업(수입)","335052.664454183","256949.478871798","사료제조업","","0","000","0",
"138","사료제조업","02_04_05_P","6270000","627000050220240016","2024-09-05","","01","영업/정상","0000","정상","","","","","","","","대구광역시 달서구 갈산동  974번지 0호","대구광역시 달서구 달구벌대로250길 29 (갈산동)","","엔에스코리아","2026-02-10 10:25:27","U","2026-02-12 02:40:00","사료제조업(수입)","335787.304139107","262030.686659885","사료제조업","","0","000","0",
"139","사료제조업","02_04_05_P","6270000","627000050220190031","2019-11-22","","01","영업/정상","0000","정상","","","","","","","","대구광역시 남구 이천동  291번지 13호","대구광역시 남구 대봉로34길 21 (이천동)","","덕한코리아","2026-02-10 10:11:30","U","2026-02-12 02:40:00","사료제조업(수입)","344839.508801609","262648.154835072","사료제조업","","0","000","0",
"140","사료제조업","02_04_05_P","6270000","627000050220200007","2020-04-14","","01","영업/정상","0000","정상","","","","","","","","대구광역시 수성구 시지동  70번지 0호 제림은탑맨션","대구광역시 수성구 천을로 49, 103동 103호 (시지동, 제림은탑맨션)","","바이오엔","2026-02-10 10:14:40","U","2026-02-12 02:40:00","사료제조업(수입)","353171.444006062","261941.550848483","사료제조업","","0","000","0",
"141","사료제조업","02_04_05_P","6270000","627000050220210031","2021-07-06","","01","영업/정상","0000","정상","","","","","07041369948","","","대구광역시 달서구 용산동  466번지 3호","대구광역시 달서구 성지로22길 18(용산동)","","향산주식회사","2026-02-10 11:06:24","U","2026-02-12 02:40:00","사료제조업(수입)","337427.050971189","263066.420398245","사료제조업","","0","L00","0",
"142","사료제조업","02_04_05_P","6270000","627000050220210032","2021-07-06","","01","영업/정상","0000","정상","","","","","07041369948","","","대구광역시 달서구 용산동  466번지 3호","대구광역시 달서구 성지로22길 18(용산동)","","향산주식회사","2026-02-10 11:06:43","U","2026-02-12 02:40:00","사료제조업(수입)","337427.050971189","263066.420398245","사료제조업","","0","L00","0",
"143","사료제조업","02_04_05_P","6270000","627000050220230002","2023-01-27","","01","영업/정상","0000","정상","","","","","07041369948","","","대구광역시 달서구 용산동  466번지 3호","대구광역시 달서구 성지로22길 18(용산동)","","향산주식회사","2026-02-10 11:07:04","U","2026-02-12 02:40:00","사료제조업(수입)","337427.050971189","263066.420398245","사료제조업","","0","L00","0",
"144","사료제조업","02_04_05_P","6270000","627000050220230003","2023-01-27","","01","영업/정상","0000","정상","","","","","","","","대구광역시 달서구 용산동  466번지 3호","대구광역시 달서구 성지로22길 18(용산동)","","향산 주식회사","2026-02-10 11:07:20","U","2026-02-12 02:40:00","사료제조업(수입)","337427.050971189","263066.420398245","사료제조업","","0","L00","0",
"145","사료제조업","02_04_05_P","6270000","627000050220230005","2023-01-27","","01","영업/정상","0000","정상","","","","","07041369948","","","대구광역시 달서구 용산동  466번지 3호","대구광역시 달서구 성지로22길 18(용산동)","","향산 주식회사","2026-02-10 10:12:02","U","2026-02-12 02:40:00","사료제조업(수입)","337427.050971189","263066.420398245","사료제조업","","0","L00","0",
"146","사료제조업","02_04_05_P","6270000","627000050220210020","2021-04-23","","01","영업/정상","0000","정상","","","","","","","","대구광역시 남구 대명동  3044번지 20호 4층","대구광역시 남구 두류공원로 90, 4층 (대명동)","","주식회사 두산교역","2026-02-10 11:06:07","U","2026-02-12 02:40:00","사료제조업(수입)","341717.509708768","261669.214808909","사료제조업","","0","000","0",
"147","사료제조업","02_04_05_P","6270000","627000050220210006","2021-02-19","","01","영업/정상","0000","정상","","","","","","","","대구광역시 중구 동인동4가  386번지 7호 강남빌딩 242호","대구광역시 중구 국채보상로 726, 강남빌딩 242호 (동인동4가)","","주식회사 따스한 놈들","2026-02-10 11:05:51","U","2026-02-12 02:40:00","사료제조업(수입)","345323.318064968","264335.308575073","사료제조업","","0","000","0",
"148","사료제조업","02_04_05_P","6270000","627000050220230036","2023-12-27","","01","영업/정상","0000","정상","","","","","","","","대구광역시 중구 대봉동  742번지 4호","대구광역시 중구 명륜로 120-1, 1층 (대봉동)","","소글소글","2026-02-10 10:13:05","U","2026-02-12 02:40:00","사료제조업(수입)","344215.998538226","263336.282110735","사료제조업","","0","000","0",
"149","사료제조업","02_04_05_P","6270000","627000050220180020","2018-11-23","","01","영업/정상","0000","정상","","","","","","","","대구광역시 달서구 용산동  871번지 8호","대구광역시 달서구 와룡로51길 78-7 (용산동)","","화스퀘어","2026-02-10 10:14:18","U","2026-02-12 02:40:00","사료제조업(수입)","338372.942112022","262838.694889688","사료제조업","","0","000","0",
"150","사료제조업","02_04_05_P","6270000","627000050220230032","2023-12-01","","01","영업/정상","0000","정상","","","","","","","","대구광역시 달서구 월암동  1번지 213호","대구광역시 달서구 성서공단로 138 (월암동)","","(주)이가","2026-02-10 11:07:38","U","2026-02-12 02:40:00","사료제조업(수입)","335287.061597255","260384.332200994","사료제조업","","0","L00","0",
"151","사료제조업","02_04_05_P","6270000","627000050220240020","2024-11-29","","01","영업/정상","0000","정상","","","","","0535569977","","","대구광역시 달서구 월암동  1번지 213호","대구광역시 달서구 성서공단로 138 (월암동)","","(주)이가","2026-02-10 10:31:33","U","2026-02-12 02:40:00","사료제조업(수입)","335287.061597255","260384.332200994","사료제조업","","0","L00","0",
"152","사료제조업","02_04_05_P","3910000","391000003420260001","2026-02-11","","01","영업/정상","0000","정상","","","","","070-4352-6892","0","","경기도 평택시 청북읍 후사리 337-1","경기도 평택시 청북읍 서해로 1491-19","17799","(주)오엠씨해외통상","2026-02-11 17:17:49","I","2026-02-13 00:20:38","보조","194609.918793826","391728.319942657","사료제조업","보조","0","L00","0",
"153","사료제조업","02_04_05_P","3940000","394000003420260004","2026-02-11","","01","영업/정상","0000","정상","","","","","","0","","경기도 고양시 일산동구 백석동 1301-2 넥스빌 103호","경기도 고양시 일산동구 장백로 8, 넥스빌 103호 (백석동)","10449","망고미(MANGOMEE)","2026-02-11 08:24:51","I","2026-02-13 00:20:38","단미","181460.434257621","459755.089733195","사료제조업","단미","0","000","0",
"154","사료제조업","02_04_05_P","6270000","627000050220260002","2026-02-11","","01","영업/정상","0000","정상","","","","","","","","대구광역시 북구 동천동  913번지 0호 영남네오빌아트 105동 1702호","대구광역시 북구 동천로 97, 1054동 1702호 (동천동, 영남네오빌 아트)","41426","소꼴","2026-02-11 08:06:22","I","2026-02-13 00:20:38","사료제조업(수입)","340630.056274461","272309.461235988","사료제조업","","0","000","0",
"155","사료제조업","02_04_05_P","3940000","394000003420240022","2024-08-23","","01","영업/정상","0000","정상","","","","","","0","","경기도 고양시 덕양구 원흥동 702 425호","경기도 고양시 덕양구 삼원로 51, 원흥줌하이필드 지식산업센터 425호 (원흥동)","10550","골디리","2026-02-11 08:20:34","U","2026-02-13 02:40:00","단미","188960.069683096","459870.166884156","사료제조업","단미","0","000","0",
"156","사료제조업","02_04_05_P","6410000","641000050220260003","2026-01-15","","01","영업/정상","0000","정상","","","","","","","","경기도 양주시 남면 상수리 161번지 13호","경기도 양주시 남면 화합로610번길 55","","주식회사 페츠랑","2026-02-11 15:59:31","U","2026-02-13 02:40:00","사료제조업(배합)","200019.43014707","485350.048845514","사료제조업","","0","000","0",
"157","사료제조업","02_04_05_P","5530000","553000003420200017","2020-10-05","","03","폐업","0002","폐업","","","","","","0","","경기도 화성시 동탄구 능동 1071-8 102-1호","경기도 화성시 동탄구 동탄하나2길 24-1, 1층 102-1호 (능동)","18423","주식회사 로켓큐레이션","2026-02-11 09:13:39","U","2026-02-13 02:40:00","수입","205377.075","412567.77","사료제조업","수입","0","L00","0",
"158","사료제조업","02_04_05_P","5530000","553000003420210009","2021-06-10","","03","폐업","0002","폐업","2023-12-26","","","","","0","","경기도 화성시 동탄구 능동 1132 동탄숲속마을모아미래도1단지 856동 804호","경기도 화성시 동탄구 동탄숲속로 96, 856동 804호 (능동, 동탄숲속마을모아미래도1단지)","18430","에이치씨아이 아이엔씨","2026-02-11 09:26:00","U","2026-02-13 02:40:00","수입","205054.259272199","411618.217487702","사료제조업","수입","0","L00","0",
"159","사료제조업","02_04_05_P","5530000","553000003420200013","2020-08-31","","01","영업/정상","0000","정상","","","","","031-8003-1369","0","","경기도 화성시 동탄구 능동 1073-2","경기도 화성시 동탄구 동탄하나2길 15, 1층 (능동)","18423","(주)세온","2026-02-11 09:25:58","U","2026-02-13 02:40:00","수입","205410.71479636","412497.813382845","사료제조업","수입","0","L00","0",
"160","사료제조업","02_04_05_P","5530000","553000003420210028","2021-11-10","","03","폐업","0002","폐업","2023-10-27","","","","","0","","경기도 화성시 동탄구 능동 1094-1 101호","경기도 화성시 동탄구 여울로4길 25, 101호 (능동)","18422","프로젝트 유올마인(Project you all mine)","2026-02-11 09:25:59","U","2026-02-13 02:40:00","단미","204934.494611815","412883.260843852","사료제조업","단미","0","000","0",
"161","사료제조업","02_04_05_P","5530000","553000003420230020","2023-07-31","","03","폐업","0002","폐업","2025-10-20","","","","","0","","경기도 화성시 동탄구 능동 1114-2 에버스타 108호","경기도 화성시 동탄구 동탄지성로 143, 에버스타 108호 (능동)","18431","푸드포퍼피","2026-02-11 09:26:05","U","2026-02-13 02:40:00","단미","205220.245172602","411961.663399221","사료제조업","단미","0","000","0",
"162","사료제조업","02_04_05_P","5530000","553000003420220027","2022-10-28","","01","영업/정상","0000","정상","","","","","03180155541","0","","경기도 화성시 동탄구 능동 1064-5 이너매스 307호","경기도 화성시 동탄구 동탄원천로 354-28, 이너매스 307호 (능동)","18423","(주)코리아마이카","2026-02-11 09:13:39","U","2026-02-13 02:40:00","수입","205141.46505177","412932.296803458","사료제조업","수입","0","L00","0",
"163","사료제조업","02_04_05_P","6540000","654000050220170020","2017-04-28","","01","영업/정상","0000","정상","","","","","0638587577","0","","","전북특별자치도 익산시 삼기면 삼기농공단지길 29","","(주)해피엔지니어링","2026-02-11 08:36:48","U","2026-02-13 02:40:00","사료제조업(보조)","201028.83078232","280463.925125995","사료제조업","","0","000","0",
"164","사료제조업","02_04_05_P","6290000","629000050220250002","2025-02-03","","03","폐업","0002","폐업","2026-02-11","","","","","","","광주광역시 서구 내방동  842번지 30호 1층댕스델리","광주광역시 서구 월드컵4강로 188 (내방동)","","댕스델리","2026-02-11 13:58:51","U","2026-02-13 02:40:00","사료제조업(단미)","188051.987522281","183758.797243738","사료제조업","","0","000","0",
"165","사료제조업","02_04_05_P","5600000","560000003420260001","2026-02-12","","01","영업/정상","0000","정상","","","","","","","","경기도 포천시 가산면 금현리 16-3","경기도 포천시 가산면 정금로392번길 92-44","11167","주식회사 가온물산","2026-02-12 11:07:03","I","2026-02-14 00:20:02","수입","218175.918188594","479295.041777568","사료제조업","수입","0","000","0",
"166","사료제조업","02_04_05_P","3190000","319000003420260001","2026-02-12","","01","영업/정상","0000","정상","","","","","","0","","서울특별시 동작구 흑석동 336 흑석한강푸르지오","서울특별시 동작구 흑석한강로 27, 제상가씨동 302호 (흑석동, 흑석한강푸르지오)","06981","오마이리틀베이비","2026-02-12 18:35:21","I","2026-02-14 00:20:02","단미","196874.591319262","444555.900566914","사료제조업","단미","0","000","0",
"167","사료제조업","02_04_05_P","6440000","644000050220260023","2026-02-12","","01","영업/정상","0000","정상","","","","","","","","충청남도 금산군 금성면 하신리 72번지 1호","충청남도 금산군 금성면 어필각로 343","32716","주식회사 비센","2026-02-12 16:16:13","I","2026-02-14 00:20:02","사료제조업(배합)","243959.916472935","295001.656868336","사료제조업","","0","000","0",
"168","사료제조업","02_04_05_P","6470000","647000050220190015","2019-05-03","","03","폐업","0002","폐업","2026-02-12","","","","0538570479","","","경상북도 영천시 금호읍 남성리 515번지 1호 대구대학교","경상북도 영천시 금호읍 대구대길 333, 대구대학교","","청림당","2026-02-12 15:55:43","U","2026-02-14 02:40:00","사료제조업(단미)","367556.217328","268425.563225967","사료제조업","","0","000","0",
"169","사료제조업","02_04_05_P","6470000","647000050220190035","2019-11-18","","03","폐업","0002","폐업","2026-02-12","","","","0538570479","","","경상북도 영천시 금호읍 남성리 515번지 1호 대구대학교","경상북도 영천시 금호읍 대구대길 333, 대구대학교","","청림당","2026-02-12 15:57:03","U","2026-02-14 02:40:00","사료제조업(배합)","367556.217328","268425.563225967","사료제조업","","0","000","0",
"170","사료제조업","02_04_05_P","3860000","386000003420130004","2013-10-16","","03","폐업","0002","폐업","2026-02-12","","","","","0","","","경기도 부천시 원미구 도약로 261 (중동)","420-847","나나와허니","2026-02-12 14:09:37","U","2026-02-14 02:40:00","단미","180347.364342392","445487.202175751","사료제조업","단미","0","000","0",
"171","사료제조업","02_04_05_P","6290000","629000050220260001","2026-02-13","","01","영업/정상","0000","정상","","","","","","","","광주광역시 서구 내방동  842번지 30호","광주광역시 서구 월드컵4강로 188 (내방동)","61976","가나디 조아","2026-02-13 17:11:44","I","2026-02-15 00:20:02","사료제조업(단미)","188051.987522281","183758.797243738","사료제조업","","0","000","0",
"172","사료제조업","02_04_05_P","6270000","627000050219950001","1995-03-09","","01","영업/정상","0000","정상","","","","","0536154452","0","","대구광역시 달성군 논공읍 본리리 29번지 72호","대구광역시 달성군 논공읍 논공로69길 10","","(주)대경오앤티","2026-02-13 09:26:14","U","2026-02-15 02:40:00","사료제조업(단미)","332537.249547068","250073.095413729","사료제조업","","0","000","0",
"173","사료제조업","02_04_05_P","6470000","647000050220020002","2002-07-24","","01","영업/정상","0000","정상","","","","","0547517700","0","","경상북도 경주시 서면 아화리 753번지 1호","경상북도 경주시 서면 대경로 2929-123","","대덕농산 주식회사","2026-02-13 10:41:37","U","2026-02-15 02:40:00","사료제조업(배합)","383580.377219413","269145.541175822","사료제조업","","0","000","0",
"174","사료제조업","02_04_05_P","6300000","630000050220020003","2002-07-31","","01","영업/정상","0000","정상","","","","","0422867272","0","","대전광역시 중구 어남동  143번지","대전광역시 중구 단재로 378-36 (어남동)","","주식회사 대청자원","2026-02-13 11:08:32","U","2026-02-15 02:40:00","사료제조업(단미)","237301.148109011","302241.859779864","사료제조업","","0","000","0",
"175","사료제조업","02_04_05_P","6410000","641000050220250014","2025-12-29","","01","영업/정상","0000","정상","","","","","","0","","경기도 구리시 갈매동  552번지 4호","경기도 구리시 갈매순환로 180, 제알토현대클러스터동스칸센 B동 2층 42호 (갈매동)","","그로바","2026-02-13 09:10:48","U","2026-02-16 02:40:00","사료제조업(배합)","","","사료제조업","","0","000","0",
"176","사료제조업","02_04_05_P","6410000","641000050220260004","2026-02-10","","01","영업/정상","0000","정상","","","","","0313215388","","","경기도 용인시 처인구 모현읍 갈담리 416번지 1호","경기도 용인시 처인구 모현읍 파담로 140-66","","주식회사 밸류라움바이오","2026-02-13 09:56:07","U","2026-02-16 02:40:00","사료제조업(배합)","221257.220418808","424389.679397759","사료제조업","","0","000","0",
